tree
version=v4
num_class=1
num_tree_per_iteration=1
label_index=0
max_feature_idx=19
objective=lambdarank
feature_names=reciprocal_rank fusion_score bm25_score idf_coverage exact_location log_distance_km has_distance query_terms log_location_inventory cosine lexical_rr semantic_rr title_coverage parameter_coverage number_coverage log_rating_reviews rating explicit_rating_match cosine_exact_location cosine_idf_coverage
feature_infos=[0.0038461538497358561:0.016393441706895828] [0.0038461538497358561:0.032786883413791656] [0:50.014892578125] [0:1] [0:1] [0:9.9035377502441406] [0:1] [1:12] [0:10.684531211853027] [0.67091566324234009:0.93804949522018433] [0:0.016393441706895828] [0:0.016393441706895828] [0:1] [0:1] [0:1] [0:9.8142194747924805] [0:5] [0:1] [0:0.92715281248092651] [0:0.93804949522018433]
tree_sizes=1789 1794 1794 1787 1785 1794 1792 1792 1791 1787 1785 1777 1798 1787 1795 1788 1797 1795 1801 1790 1797 1789 1798 1792 1803 1791 1797 1791 1790 1790 1801 1792 1789 1801 1797 1786 1792 1805 1792 1781 1788 1804 1792 1799 1806 1800 1796 1811 1800 1804 1796 1800 1798 1810 1808 1813 1797 1796 1803 1799 1795 1792 1792 1808 1805 1799 1816 1802 1803 1800 1814 1800 1808 1813 1800 1799 1807 1804 1808 1799 1815 1805 1803 1820 1808 1800 1803 1793 1804 1802 1797 1802 1807 1793 1808 1800 1823 1810 1814 1806 1808 1806 1804 1795 1803 1806 1797 1808 1808 1811 1802 1810 1820 1814 1807 1800 1801 1774 1813 1797 1803 1808 1812 1805 1807 1802 1813 1800 1805 1809 1798 1789 1815 1810 1800 1811 1790 1808 1803 1784 1802 1798 1810 1806 1821 1788 1812 1802 1820 1815 1811 1793 1807 1791 1806 1806 1802 1805 1796 1813

Tree=0
num_leaves=15
num_cat=0
split_feature=1 0 1 1 13 19 0 5 8 13 13 13 5 1
split_gain=29580.7 1553.98 628.836 331.025 187.767 185.157 166.488 158.153 146.362 143.572 100.423 94.2793 206.405 88.3092
threshold=0.014263629447668793 0.014599318150430919 0.010989173781126739 0.021546212956309322 0.97368422150611889 0.63029590249061596 0.015749008394777778 5.1900949478149423 1.0000000180025095e-35 0.20714285969734195 0.97368422150611889 0.97368422150611889 5.3525319099426278 0.026903012767434124
decision_type=2 2 2 2 2 2 2 2 2 2 2 2 2 2
left_child=2 3 11 4 9 10 13 -7 -9 -2 -4 -1 -13 -3
right_child=1 6 5 -5 -6 7 -8 8 -10 -11 -12 12 -14 -15
leaf_value=-0.092089498956859819 -0.0044473207485536629 0.050303099081585312 -0.066419578964282133 0.052163836827844381 0.031945268634590199 0.041926865975010288 0.092139616623290357 0.04990949025969272 -0.076598989842424192 -0.075001148091568146 -0.013773105301535207 -0.051300710734359149 -0.094022855413742723 0.080509484999610137
leaf_weight=3853.0270299327312 302.45849339193228 424.91395749548974 389.1971582000042 584.98685823142296 277.67478107451461 110.2930595161888 3922.7677152222022 27.83724238499417 76.312725538533414 89.970887442497769 121.5882790703763 545.24011491846613 644.87427197991929 708.59603184304433
leaf_count=406297 20287 11394 39950 15313 12762 4912 11422 807 8171 9963 9252 50549 67336 5416
internal_value=-6.28728e-09 0.0747734 -0.081806 0.024852 0.000799624 -0.0379082 0.0871282 0.00111325 -0.0420484 -0.021363 -0.0541425 -0.0880749 -0.0747466 0.0694568
internal_weight=12079.7 6311.37 5768.37 1255.09 670.104 725.228 5056.28 214.443 104.15 392.429 510.785 5043.14 1190.11 1133.51
internal_count=673831 86557 587274 58325 43012 63092 28232 13890 8978 30250 49202 524182 117885 16810
is_linear=0
shrinkage=0.05


Tree=1
num_leaves=15
num_cat=0
split_feature=0 1 1 3 13 19 13 1 13 5 13 5 19 8
split_gain=25045.2 1966.97 1916.24 663.101 510.899 440.685 409.432 370.033 279.297 255.014 251.406 480.839 242.376 193.916
threshold=0.012903762981295587 0.027421606704592708 0.0094340671785175818 0.96601364016532909 0.89736840128898632 0.34525407850742346 0.30384616553783422 0.03201024420559407 0.97368422150611889 6.5781385898590097 0.97368422150611889 5.3525319099426278 0.82183963060379039 1.0000000180025095e-35
decision_type=2 2 2 2 2 2 2 2 2 2 2 2 2 2
left_child=2 3 10 4 6 8 -2 -3 -4 12 -1 -12 -7 -11
right_child=1 7 5 -5 -6 9 -8 -9 -10 13 11 -13 -14 -15
leaf_value=-0.080441787114528637 0.003414259179318594 0.058807489601565954 -0.06088976440582175 0.052826494311775274 0.037401205895023854 -0.015995897761517251 -0.060716117038489628 0.0825298230296444 -0.011647748207455538 0.020550120792769619 -0.029811160120291308 -0.084839268556864147 0.026933681090419683 -0.07639600124572675
leaf_weight=4727.4368287625839 1143.5240740170266 3901.2825673373882 1048.8427875095804 1244.9323015323025 892.86419351107907 984.65636300866026 312.95356127683772 2962.0737265050411 400.01981295575388 65.267934320727363 813.42594359442592 786.37679015658796 487.38269310907344 212.07577860850142
leaf_count=369957 18684 10801 62591 8175 8594 36706 9695 2177 12722 1204 44099 64491 10306 13629
internal_value=-3.48709e-09 0.0534108 -0.0586348 0.0234012 0.0077294 -0.0270333 -0.010526 0.0690982 -0.0473812 -0.0100938 -0.0745745 -0.0570401 -0.00173913 -0.0536215
internal_weight=19983.1 10457.6 9525.48 3594.27 2349.34 3198.25 1456.48 6863.36 1448.86 1749.38 6327.24 1599.8 1472.04 277.344
internal_count=673831 58126 615705 45148 36973 137158 28379 12978 75313 61845 478547 108590 47012 14833
is_linear=0
shrinkage=0.05


Tree=2
num_leaves=15
num_cat=0
split_feature=1 0 1 0 13 13 13 5 19 1 19 19 5 19
split_gain=21687.3 1741.66 1226.81 551.547 286.01 311.109 222.639 368.966 222.12 216.328 214.99 188.265 150.038 131.233
threshold=0.015348102431744339 0.016001024283468727 0.0099011068232357519 0.013793759513646366 0.89736840128898632 0.20714285969734195 0.97368422150611889 5.3525319099426278 0.48524045944213873 0.03201024420559407 0.41727152466773992 0.54836502671241771 4.2830162048339853 0.63991481065750133
decision_type=2 2 2 2 2 2 2 2 2 2 2 2 2 2
left_child=2 3 6 10 5 8 -1 13 -4 -3 -2 -5 -6 -8
right_child=1 9 4 11 12 -7 7 -9 -10 -11 -12 -13 -14 -15
leaf_value=-0.07598597058108264 -0.018317062879416729 0.058142971635751217 -0.044294075359502395 0.025273898185279059 0.0087485726631014431 -0.076535510545718388 -0.039409594684099908 -0.07977630313635764 -0.00019992907287986808 0.078701495371751556 0.019643595554174699 0.049125151675425235 -0.047284996932025897 0.014864757841740201
leaf_weight=4622.4979055367876 686.89285318960901 2572.5343253016472 698.68698028224753 1502.1210932247341 603.15597494959366 419.53601931376033 723.52503422374139 732.85670568782371 480.78783952404046 2767.0378801301122 804.29098757245811 1894.9521973389201 143.68414667289471 128.76742708438542
leaf_count=382187 23620 5799 37829 14219 16927 29996 41017 65389 15359 2177 17314 9148 7653 5197
internal_value=-1.08134e-09 0.0491242 -0.0587345 0.0275175 -0.0278488 -0.0397493 -0.0703743 -0.0538226 -0.0263968 0.0688603 0.00215478 0.0386312 -0.00227446 -0.0311708
internal_weight=18781.3 10227.8 8553.5 4888.26 2345.85 1599.01 6207.65 1585.15 1179.47 5339.57 1491.18 3397.07 746.84 852.292
internal_count=673831 72277 601554 64301 107764 83184 493790 111603 53188 7976 40934 23367 24580 46214
is_linear=0
shrinkage=0.05


Tree=3
num_leaves=15
num_cat=0
split_feature=0 1 1 3 1 1 13 1 5 13 13 13 13 2
split_gain=19094.3 1372.26 1155.94 329.359 271.269 254.686 187.833 187.295 181.888 179.388 178.691 143.622 215.654 114.555
threshold=0.012903762981295587 0.011905506253242494 0.029561491683125499 0.96601364016532909 0.015122156124562027 0.0076046728063374766 0.97368422150611889 0.03201024420559407 5.3525319099426278 0.97368422150611889 0.20714285969734195 0.97368422150611889 0.17424242943525317 5.8869495391845712
decision_type=2 2 2 2 2 2 2 2 2 2 2 2 2 2
left_child=1 5 3 4 -2 -1 -7 -4 -5 10 13 12 -6 -3
right_child=2 9 7 8 11 6 -8 -9 -10 -11 -12 -13 -14 -15
leaf_value=-0.070769806713733105 -0.019575495875284274 -0.045316069945811166 0.054537012981267979 0.049867437944546622 0.023017337651111941 -0.058558856762871016 -0.024342418610778082 0.074061276594338393 -0.033123002173792063 0.0047351902764320164 -0.065843727168640481 0.039696212589287738 -0.033225165883919987 -0.0045296028601553885
leaf_weight=4724.4598837021622 392.16396492271451 239.73276463686489 2439.2796726119705 1676.9676575389458 1065.1055718823336 1522.3399793802382 558.27682738023577 2697.446357190609 65.428854944766499 706.05932510958519 234.25938869878883 975.04916012217291 198.17083812097553 584.96650632692035
leaf_count=404221 15358 12926 5438 8390 12216 112590 29137 2177 1489 20181 16511 7391 5667 20139
internal_value=-2.114e-09 -0.0541106 0.0487674 0.029821 0.0185962 -0.064295 -0.0494582 0.0648518 0.0466652 -0.0147735 -0.027742 0.0253128 0.0140983 -0.0165875
internal_weight=18079.7 8570.09 9509.61 4372.89 2630.49 6805.08 2080.62 5136.73 1742.4 1765.02 1058.96 2238.33 1263.28 824.699
internal_count=673831 615705 58126 50511 40632 545948 141727 7615 9879 69757 49576 25274 17883 33065
is_linear=0
shrinkage=0.05


Tree=4
num_leaves=15
num_cat=0
split_feature=0 1 0 19 1 13 5 19 5 13 8 13 1 19
split_gain=16644.9 1199.66 1065.04 335.449 263.83 224.818 338.04 185.143 177.948 177.556 172.907 165.215 139.562 102.78
threshold=0.012903762981295587 0.011111282743513586 0.015749008394777778 0.30176711082458502 0.03201024420559407 0.97368422150611889 5.3525319099426278 0.82183963060379039 6.0043122768402108 0.89736840128898632 1.0000000180025095e-35 0.97368422150611889 0.026391166262328628 0.44430501759052282
decision_type=2 2 2 2 2 2 2 2 2 2 2 2 2 2
left_child=1 5 3 9 -4 -1 13 11 -9 -2 -10 -3 -5 -7
right_child=2 7 4 12 -6 6 -8 8 10 -11 -12 -13 -14 -15
leaf_value=-0.068614363362442587 -0.024889447825541908 -0.039614984162018106 0.048563775729375952 0.019515140572878977 0.069878401126828235 -0.035307282679212064 -0.071578421316993546 0.030866616172509839 0.043584034262311666 0.024077135959809502 -0.059208210292362284 -0.0054916169949086741 0.042865575064997177 0.0036754363401274464
leaf_weight=4608.0645156883693 475.60904034250416 977.34579560116981 3368.6474260899704 1270.518494665157 2659.839815214742 612.41912684697309 711.5316290720948 309.80197323183529 53.364127900800668 296.32066351198591 136.53825272084214 558.0384566722787 1316.1293278869707 231.63854430557694
leaf_count=408724 15875 55434 9245 20429 2177 38957 67524 6127 665 3613 8299 17945 6787 12030
internal_value=-3.62235e-10 -0.0520333 0.0454498 0.0228375 0.0580182 -0.0630187 -0.046276 -0.018689 0.00768844 -0.00605866 -0.0299457 -0.0272709 0.031456 -0.0246504
internal_weight=17585.8 8198.74 9387.06 3358.58 6028.49 6163.65 1555.59 2035.09 499.704 771.93 189.902 1535.38 2586.65 844.058
internal_count=673831 615705 58126 46704 11422 527235 118511 88470 15091 19488 8964 73379 27216 50987
is_linear=0
shrinkage=0.05


Tree=5
num_leaves=15
num_cat=0
split_feature=1 0 1 1 19 5 8 1 13 13 5 3 2 13
split_gain=14673.7 1192.07 785.861 413.059 228.555 237.859 225.93 184.306 166.101 154.735 249.874 139.975 96.0495 83.7426
threshold=0.015348102431744339 0.014815627597272398 0.0099011068232357519 0.03201024420559407 0.63029590249061596 5.1900949478149423 1.0000000180025095e-35 0.021846321411430839 0.89736840128898632 0.97368422150611889 5.3525319099426278 0.71042755246162426 3.3574664592742924 0.17424242943525317
decision_type=2 2 2 2 2 2 2 2 2 2 2 2 2 2
left_child=2 7 9 -3 8 -6 -7 11 13 -1 -11 -2 -9 -4
right_child=1 3 4 -5 5 6 -8 12 -10 10 -12 -13 -14 -15
leaf_value=-0.066936263365373297 -0.020735697550991791 0.041625328806747894 -0.037382622232324185 0.066340248819196493 0.025012003370046079 0.036121516869170089 -0.065367687289763235 -0.05126344859689394 -0.010470995398202166 -0.026549862394747367 -0.069618763374611051 0.018773201674406135 0.024710220136025807 -0.068439633184991522
leaf_weight=4102.5231522368267 674.85318752712919 4878.5806510177208 717.91544128398527 2629.4314278303646 368.23460506479023 72.870480111450888 188.01041627285304 38.73311362892855 432.25956508197123 720.85340273703332 644.27767306205351 329.9017845383496 1062.528632684378 329.44689326814841
leaf_count=382187 26978 20132 42020 2177 8204 1228 13144 1438 15820 46214 65389 7205 14347 27348
internal_value=-8.9111e-10 0.0409996 -0.052019 0.0503193 -0.0260018 -0.000738824 -0.0368731 0.00773414 -0.0367046 -0.0620203 -0.0470562 -0.0077346 0.0218185 -0.0474303
internal_weight=17190.4 9614.03 7576.39 7508.01 2108.74 629.116 260.881 2106.02 1479.62 5467.65 1365.13 1004.75 1101.26 1047.36
internal_count=673831 72277 601554 22309 107764 22576 14372 49968 85188 493790 111603 34183 15785 69368
is_linear=0
shrinkage=0.05


Tree=6
num_leaves=15
num_cat=0
split_feature=0 1 1 19 1 13 5 19 5 13 13 3 1 19
split_gain=12974.3 1112.98 769.467 252.49 196.928 192.934 272.177 169.832 119.91 98.7058 95.2726 91.7714 77.409 87.3581
threshold=0.013245614245533945 0.011905506253242494 0.031269090250134475 0.6492956578731538 0.016123023815453056 0.97368422150611889 5.3525319099426278 0.41352501511573797 5.3525319099426278 0.97368422150611889 0.89736840128898632 0.51646241545677196 0.00766294775530696 0.63029590249061596
decision_type=2 2 2 2 2 2 2 2 2 2 2 2 2 2
left_child=1 5 3 4 10 12 11 9 -5 -3 -2 -7 -1 -14
right_child=2 7 -4 8 -6 6 -8 -9 -10 -11 -12 -13 13 -15
leaf_value=-0.066855875067985834 -0.025956533612491586 -0.040273061577117845 0.058994259366307734 0.041819453141861002 0.024635359454195316 -0.033644965304734938 -0.065722672126263801 0.0018560355797193038 -0.034087583377256356 -0.0054268807786628679 0.020739432771316898 0.0015563269498057653 -0.057696596490441954 -0.023337536763103069
leaf_weight=3143.5245457864366 322.77897202956956 590.27668874053052 3622.0568274045363 2530.979986332939 2260.7111214002362 621.37245016731322 664.88882064446807 956.35425143202883 49.583839254803024 311.2106127293664 159.38689449126832 262.24210908683017 1108.3288422507758 233.3650292797829
leaf_count=312606 12770 35041 3767 11206 20026 40350 68871 31635 1265 9729 2444 13499 95256 15366
internal_value=-1.79476e-10 -0.0467148 0.041214 0.0290724 0.0184571 -0.0571281 -0.0416383 -0.0128327 0.0402979 -0.0283398 -0.0104661 -0.0232478 -0.0624236 -0.0518293
internal_weight=16837.1 7891.56 8945.5 5323.44 2742.88 6033.72 1548.5 1857.84 2580.56 901.487 482.166 883.615 4485.22 1341.69
internal_count=673831 622353 51478 47711 35240 545948 122720 76405 12471 44770 15214 53849 423228 110622
is_linear=0
shrinkage=0.05


Tree=7
num_leaves=15
num_cat=0
split_feature=1 1 1 3 1 19 13 13 5 8 5 13 11 13
split_gain=11888.2 1271.88 408.33 304.76 264.009 212.337 199.558 205.35 178.549 210.119 140.685 138.76 99.9983 78.9855
threshold=0.014263629447668793 0.026391166262328628 0.008474652189761402 0.96601364016532909 0.03201024420559407 0.63029590249061596 0.89736840128898632 0.17424242943525317 5.1900949478149423 1.0000000180025095e-35 5.3525319099426278 0.97368422150611889 0.014815627597272398 0.97368422150611889
decision_type=2 2 2 2 2 2 2 2 2 2 2 2 2 2
left_child=2 3 13 6 -3 11 7 12 -7 -10 -5 -4 -2 -1
right_child=1 4 5 10 -6 8 -8 -9 9 -11 -12 -13 -14 -15
leaf_value=-0.063882307510558442 -0.012035655548957455 0.039848940269759929 -0.051334979073273612 0.036580192210973424 0.060755576442301056 0.018792457403371862 0.017373174412265407 -0.052461234306492133 0.032340686831917612 -0.062213920746634982 -0.020495019278527704 -0.017923506001600222 0.023096337541727491 -0.04799577487513209
leaf_weight=3346.785396975989 783.8968769160274 3802.1678883209825 1221.0929865626385 1071.6364997401834 2571.880403096322 303.87482268037274 921.86366646375973 257.76575751462951 78.048768857843243 204.41501812596107 116.80794474616414 426.03797851601848 267.58239052863792 1139.9290894077276
leaf_count=341059 24832 13531 97321 8714 2177 8874 15993 14605 1706 16267 3801 20052 2904 101995
internal_value=8.45872e-10 0.0351353 -0.0511922 0.0105139 0.0483256 -0.0335968 -0.000394296 -0.0129232 -0.00767438 -0.0359791 0.0309081 -0.0427733 -0.00302821 -0.059904
internal_weight=16513.8 9793.6 6720.18 3419.55 6374.05 2233.47 2231.11 1309.25 586.339 282.464 1188.44 1647.13 1051.48 4486.71
internal_count=673831 86557 587274 70849 15708 144220 58334 42341 26847 17973 12515 117373 27736 443054
is_linear=0
shrinkage=0.05


Tree=8
num_leaves=15
num_cat=0
split_feature=0 0 1 1 13 5 19 1 19 13 5 13 12 13
split_gain=10730.5 790.604 780.051 238.349 162.14 215.657 155.124 146.431 143.327 125.309 98.5016 95.8316 83.4331 80.2809
threshold=0.012903762981295587 0.016001024283468727 0.010989173781126739 0.025095695629715923 0.97368422150611889 5.3525319099426278 0.63991481065750133 0.03201024420559407 0.41352501511573797 0.89736840128898632 6.5781385898590097 0.37980769574642187 0.26785714924335485 0.97368422150611889
decision_type=2 2 2 2 2 2 2 2 2 2 2 2 2 2
left_child=2 3 4 6 -1 -6 9 -3 13 11 12 -2 -10 -4
right_child=1 7 8 -5 5 -7 -8 -9 10 -11 -12 -13 -14 -15
leaf_value=-0.060171271209071522 -0.010348412429872807 0.040961251686740946 -0.04136758221342958 0.030449322947847041 -0.022048668697946767 -0.062510543590131973 0.024908393051419932 0.058427464728695859 -0.016726438169263773 0.0156610776970488 -0.038847743517240754 -0.059351436056535103 0.016133898094845802 -0.010545274911247642
leaf_weight=3973.6430771198793 522.88310895249015 2416.8771594082937 653.80580791531247 2309.2180902961409 764.05087555234786 585.82302642718423 643.48281842807774 2539.5772709068842 314.81309263868025 399.06705709348898 164.11924421577714 119.26070775056724 483.08973785775015 317.30751647712896
leaf_count=406297 15473 5799 43625 13771 50549 67336 7184 2177 13693 6119 9503 7603 13505 11197
internal_value=-1.12476e-09 0.0366245 -0.0451668 0.0200328 -0.0550414 -0.0397743 0.00570694 0.0499604 -0.017902 -0.00622215 -0.00418237 -0.0198376 0.00314541 -0.0314021
internal_weight=16207 8950.37 7256.65 3993.91 5323.52 1349.87 1684.69 4956.45 1933.14 1041.21 962.022 642.144 797.903 971.113
internal_count=673831 58126 615705 50150 524182 117885 36379 7976 91523 29195 36701 23076 27198 54822
is_linear=0
shrinkage=0.05


Tree=9
num_leaves=15
num_cat=0
split_feature=1 0 1 1 1 19 5 8 13 3 13 5 13 3
split_gain=9803.19 910.6 537.202 225.673 195.154 171.091 168.046 175.984 127.326 121.699 95.7328 157.34 88.2804 67.4684
threshold=0.015348102431744339 0.015749008394777778 0.0094340671785175818 0.022160527296364311 0.03201024420559407 0.63029590249061596 5.1900949478149423 1.0000000180025095e-35 0.89736840128898632 0.96601364016532909 0.97368422150611889 5.3525319099426278 0.97368422150611889 0.99839973449707042
decision_type=2 2 2 2 2 2 2 2 2 2 2 2 2 2
left_child=2 3 10 9 -3 8 -7 -8 -4 12 -1 -12 -2 -5
right_child=1 4 5 13 -6 6 7 -9 -10 -11 11 -13 -14 -15
leaf_value=-0.059672362744560059 -0.026973807221438523 0.037618033380692945 -0.043349449785310787 0.01627013324829658 0.056433396681844043 0.018456580792008032 0.030665184630059031 -0.058836788042929689 -0.011209710313946762 0.020409762974942885 -0.025299396740436395 -0.062194164898513461 0.0049246615285898788 0.034519999788403498
leaf_weight=3425.313066589064 512.25684092206939 3202.9533489429159 1069.8878525240871 1404.3628226292203 2504.0444568493403 371.01570621991414 73.300607249548193 186.90574289509095 438.10263675911119 368.21042800426949 629.87533625020296 548.23031991702737 371.2356652963208 804.92260515014641
leaf_count=369957 23465 9245 80116 17257 2177 8941 1404 14650 17896 6235 44099 64491 9163 4735
internal_value=-1.03796e-09 0.0336507 -0.045746 0.0133891 0.0459158 -0.0249569 -0.00306505 -0.0335211 -0.0340801 -0.00356681 -0.0553692 -0.0426586 -0.0136181 0.0229822
internal_weight=15910.6 9167.99 6742.63 3460.99 5707 2139.21 631.222 260.206 1507.99 1251.7 4603.42 1178.11 883.493 2209.29
internal_count=673831 72277 601554 60855 11422 123007 24995 16054 98012 38863 478547 108590 32628 21992
is_linear=0
shrinkage=0.05


Tree=10
num_leaves=15
num_cat=0
split_feature=0 1 1 19 13 5 13 13 19 1 0 19 5 13
split_gain=8973.77 769.839 657.74 183.834 146.67 196.427 129.307 153.5 126.591 85.9472 82.0713 74.1513 71.2607 61.5661
threshold=0.013245614245533945 0.011905506253242494 0.030724193900823597 0.55381518602371227 0.97368422150611889 5.3525319099426278 0.89736840128898632 0.30384616553783422 0.34525407850742346 0.032654678449034698 0.014389234129339458 0.81590971350669872 2.973994374275208 0.97368422150611889
decision_type=2 2 2 2 2 2 2 2 2 2 2 2 2 2
left_child=1 4 3 6 -1 11 7 10 13 -4 -2 -6 -5 -3
right_child=2 8 9 12 5 -7 -8 -9 -10 -11 -12 -13 -14 -15
leaf_value=-0.055959047816600251 -0.018481838023888118 -0.040035791308813927 0.044642046508352094 0.033212075629662906 -0.026479390943420434 -0.059079254041698351 0.025252866545098441 -0.039713898655136221 -0.0019020467121103543 0.061315267776341754 0.015578872706432413 0.018794852825683578 0.0015489295378688425 -0.0084133223517848209
leaf_weight=3937.0827051338565 223.36239220801508 453.96535595586465 2770.3861807042267 2321.8547246325761 722.34844962088391 577.2628902150318 873.78754217585083 197.44906720542349 1063.777319533634 1153.104890238028 784.54799391259439 99.666034533671336 192.93383906141389 236.39686254929984
leaf_count=423228 7558 29937 4271 12273 49649 68871 7565 8013 38960 794 8368 4200 2636 7508
internal_value=-2.20237e-10 -0.0415371 0.0345824 0.0217046 -0.0509772 -0.0368105 0.010667 3.27747e-05 -0.0127556 0.0496141 0.00797673 -0.0209096 0.0307908 -0.0293458
internal_weight=15607.9 7090.5 8517.43 4593.94 5336.36 1399.28 2079.15 1205.36 1754.14 3923.49 1007.91 822.014 2514.79 690.362
internal_count=673831 622353 51478 46413 545948 122720 31504 23939 76405 5065 15926 53849 14909 37445
is_linear=0
shrinkage=0.05


Tree=11
num_leaves=15
num_cat=0
split_feature=0 1 1 3 1 13 5 19 1 5 8 1 5 13
split_gain=8372.3 710.78 603.302 197.826 141.071 129.018 164.939 120.81 115.089 105.034 99.3687 97.2857 83.1261 73.2851
threshold=0.012903762981295587 0.030104913748800758 0.010989173781126739 0.96601364016532909 0.015122156124562027 0.97368422150611889 5.3525319099426278 0.82183963060379039 0.032654678449034698 6.0043122768402108 1.0000000180025095e-35 0.020720779895782474 5.3525319099426278 0.97368422150611889
decision_type=2 2 2 2 2 2 2 2 2 2 2 2 2 2
left_child=2 3 5 4 -2 -1 -7 11 -3 -9 -11 -4 -5 -6
right_child=1 8 7 12 13 6 -8 9 -10 10 -12 -13 -14 -15
leaf_value=-0.055735007461681654 -0.019793619636131309 0.042169674246308159 -0.030235123717003782 0.033024354135163879 0.0059433563405807896 -0.021486930586548103 -0.057964464777439974 0.023063549498532791 0.061167705215275051 0.031294140355274482 -0.04943036970909942 0.0064817223252263481 -0.028822225775544125 0.024415288101433844
leaf_weight=3613.8990823787462 351.86608704284299 3149.3025153161725 1172.957252185457 1733.2422421236988 1217.182871494093 745.30755862867227 537.94768215500517 290.04062219444313 1117.7544954004698 50.453382177103776 122.13637416061829 211.1694908622303 52.431115960469469 962.02790589595679
leaf_count=406297 15358 5566 69464 8816 18400 50549 67336 6242 794 693 8569 6555 1489 7703
internal_value=-2.80174e-10 0.0327463 -0.0416736 0.0184091 0.0093887 -0.0508537 -0.0369441 -0.0172587 0.047212 0.00482358 -0.0256154 -0.0246302 0.031133 0.0141351
internal_weight=15327.7 8583.81 6743.91 4316.75 2531.08 4897.15 1283.26 1846.76 4267.06 462.63 172.59 1384.13 1785.67 2179.21
internal_count=673831 58126 615705 51766 41461 524182 117885 91523 6360 15504 9262 76019 10305 26103
is_linear=0
shrinkage=0.05


Tree=12
num_leaves=15
num_cat=0
split_feature=1 0 1 1 1 19 5 8 13 13 13 13 5 3
split_gain=7748.47 817.289 433.191 202.351 188.053 137.23 126.192 147.995 116.906 141.315 106.773 80.4644 119.306 60.3843
threshold=0.015348102431744339 0.015749008394777778 0.0094340671785175818 0.03201024420559407 0.025095695629715923 0.63029590249061596 5.1900949478149423 1.0000000180025095e-35 0.97368422150611889 0.37980769574642187 0.89736840128898632 0.97368422150611889 5.3525319099426278 0.30487160384655004
decision_type=2 2 2 2 2 2 2 2 2 2 2 2 2 2
left_child=2 4 11 -3 8 10 -7 -8 9 13 -4 -1 -13 -2
right_child=1 3 5 -5 -6 6 7 -9 -10 -11 -12 12 -14 -15
leaf_value=-0.055730837004297033 -0.028746262807110602 0.033761782862091139 -0.040579445071738197 0.053399351360088665 0.023188617175946058 0.015366203046545464 0.028174332513093783 -0.055092213701208231 0.013890506212203852 -0.054390706897572555 -0.010460480554410347 -0.024612699201680546 -0.058019918382102145 0.0038643524021441966
leaf_weight=3126.4404902509268 178.07726576282585 3077.2980657384032 1014.8622463283536 2349.9696243852377 1604.612839871319 359.89692474895855 72.263395782851148 174.65459895567619 775.25304537935881 159.17973168310709 419.66477052232949 616.14307445619488 485.99060128827114 628.0771202929609
leaf_count=369957 7350 9245 80116 2177 11927 8941 1404 14650 15149 10086 17896 44099 64491 16343
internal_value=1.74249e-11 0.0303316 -0.0424283 0.042306 0.01087 -0.0234278 -0.00345471 -0.0306478 -0.000520224 -0.0121053 -0.0318352 -0.0515624 -0.0395393 -0.00347203
internal_weight=15042.4 8772.47 6269.92 5427.27 3345.2 2041.34 606.815 246.918 1740.59 965.334 1434.53 4228.57 1102.13 806.154
internal_count=673831 72277 601554 11422 60855 123007 24995 16054 48928 33779 98012 478547 108590 23693
is_linear=0
shrinkage=0.05


Tree=13
num_leaves=15
num_cat=0
split_feature=0 1 1 19 19 1 13 5 13 1 5 5 12 18
split_gain=7160.22 606.717 599.739 169.874 124.135 119.357 115.783 141.543 82.058 77.7374 68.667 67.1543 65.743 63.1992
threshold=0.013245614245533945 0.011111282743513586 0.031269090250134475 0.68252313137054454 0.34525407850742346 0.023906647227704528 0.97368422150611889 5.3525319099426278 0.89736840128898632 0.032654678449034698 5.3525319099426278 6.5781385898590097 0.26785714924335485 0.85176491737365734
decision_type=2 2 2 2 2 2 2 2 2 2 2 2 2 2
left_child=1 6 3 5 -3 8 -1 -8 13 -4 -5 12 -6 -2
right_child=2 4 9 10 11 -7 7 -9 -10 -11 -12 -13 -14 -15
leaf_value=-0.053247556659285017 -0.021871755443284412 -0.030331220741723203 0.042448147597670662 0.031397687863452588 -0.014667601020647262 0.019919786023034416 -0.020959365098638386 -0.055619578391342572 0.015985411599319096 0.059401034261408574 -0.029817224105265196 -0.034278364433644203 0.011127473612201294 0.016803753410716566
leaf_weight=3415.8047676712158 477.84843565121992 800.6540808705613 2169.1537800623337 2266.9278304599575 425.81513822596753 1606.1548409007373 738.99591278340085 496.72115073777968 379.5016633355408 1063.5016689999029 43.019334398442879 160.31366106097994 573.96340625343146 131.19340726500377
leaf_count=408724 16499 48291 2973 10590 19456 12071 50987 67524 4880 794 1254 9661 17710 2417
internal_value=1.50933e-10 -0.0386305 0.0313951 0.0203415 -0.0152511 0.0115275 -0.0484586 -0.0350597 -0.00213958 0.0481085 0.0301957 -0.00475783 0.000122789 -0.0134717
internal_weight=14749.6 6612.27 8137.3 4904.65 1960.75 2594.7 4651.52 1235.72 988.544 3232.66 2309.95 1160.09 999.779 609.042
internal_count=673831 622353 51478 47711 95118 35867 527235 118511 23796 3767 11844 46827 37166 18916
is_linear=0
shrinkage=0.05


Tree=14
num_leaves=15
num_cat=0
split_feature=1 0 1 1 19 5 8 1 3 13 13 13 13 5
split_gain=6643.58 749.476 380.997 201.027 168.031 176.917 148.891 141.551 127.848 122.155 87.3167 72.1026 56.4525 55.6246
threshold=0.015348102431744339 0.016001024283468727 0.0076997326686978349 0.026903012767434124 0.63029590249061596 5.1900949478149423 1.0000000180025095e-35 0.032654678449034698 0.96601364016532909 0.89736840128898632 0.97368422150611889 0.17424242943525317 0.17424242943525317 6.5781385898590097
decision_type=2 2 2 2 2 2 2 2 2 2 2 2 2 2
left_child=2 3 -1 8 9 -6 -7 -3 10 12 11 -2 -4 -10
right_child=1 7 4 -5 5 6 -8 -9 13 -11 -12 -13 -14 -15
leaf_value=-0.05187365745994478 -0.0080292281082188204 0.037347734559536883 -0.03442393828761546 0.025371540269667647 0.016201941831774615 0.025060834008825597 -0.052504677995379313 0.058650604558950471 0.023874829078314855 -0.013407743479051241 0.0083718286239826516 -0.042954292664576565 -0.056446365292811856 -0.030998186310787768
leaf_weight=3303.9397932504507 711.32256819156464 3460.8653906554682 935.42337964224862 1744.36703858088 403.71002662793035 79.269079652498476 241.06580281500646 1034.2081879647449 674.39381505484926 528.17710645892657 676.4042368241353 182.72327728901291 455.11725912691327 45.329883094469551
leaf_count=409691 21655 7182 76260 8829 11737 2238 23625 794 7728 26749 13356 11073 51254 1660
internal_value=-5.30293e-10 0.0282762 -0.0405475 0.0126089 -0.0263164 -0.00574156 -0.0332204 0.0423087 0.00285374 -0.0340454 -0.00514801 -0.0153663 -0.0418082 0.0202288
internal_weight=14476.3 8529.61 5946.7 4034.54 2642.76 724.045 320.335 4495.07 2290.17 1918.72 1570.45 894.046 1390.54 719.724
internal_count=673831 72277 601554 64301 191863 37600 25863 7976 55472 154263 46084 32728 127514 9388
is_linear=0
shrinkage=0.05


Tree=15
num_leaves=15
num_cat=0
split_feature=0 1 1 19 13 5 3 13 13 13 1 5 8 19
split_gain=6180.89 672.52 490.389 132.681 123.113 142.164 110.129 92.5739 86.8307 171.524 79.4877 69.4339 65.2189 62.6381
threshold=0.013793759513646366 0.011905506253242494 0.031269090250134475 0.79454472661018383 0.97368422150611889 5.3525319099426278 0.91492921113967907 0.97368422150611889 0.89736840128898632 0.30384616553783422 0.032654678449034698 6.1446294784545907 1.0000000180025095e-35 0.39954443275928503
decision_type=2 2 2 2 2 2 2 2 2 2 2 2 2 2
left_child=1 4 6 7 -1 13 8 -3 9 -2 -4 -5 -13 -6
right_child=2 3 10 11 5 -7 -8 -9 -10 -11 -12 12 -14 -15
leaf_value=-0.050700618361741792 0.011774151240858536 -0.028798286919842188 0.040424842616405991 0.020605733235667369 -0.02840784885568309 -0.053391563703940298 0.02890017490360814 -0.0029423129295129244 0.023693601859234317 -0.039103439295789549 0.057942846194840816 0.030351666719155748 -0.040177062361158963 0.0018910035789136772
leaf_weight=3371.2365321379475 1177.3429465088411 896.65781404169684 2099.7115329942899 401.33524987296551 522.24483902804786 478.13616868143436 2010.7276962645119 563.95188382168999 1067.5648379743798 187.70685374224558 1004.4372171717696 42.784190883219708 103.08846169017488 251.28065964521375
leaf_count=423228 14306 53277 2973 7830 38050 68871 9149 17885 7582 6694 794 475 6918 15799
internal_value=2.35976e-10 -0.0352073 0.0309336 -0.0110093 -0.0456937 -0.0320601 0.0202443 -0.0188592 0.0130449 0.00466084 0.0461774 0.00992468 -0.0191708 -0.0186163
internal_weight=14178.2 6630.72 7547.49 2007.82 4622.9 1251.66 4443.34 1460.61 2432.61 1365.05 3104.15 547.208 145.873 773.525
internal_count=673831 632333 41498 86385 545948 122720 37731 71162 28582 21000 3767 15223 7393 53849
is_linear=0
shrinkage=0.05


Tree=16
num_leaves=15
num_cat=0
split_feature=1 1 1 3 19 5 1 8 0 13 13 5 3 13
split_gain=5738.18 730.697 342.537 175.917 149.112 150.122 131.421 131.386 117.589 105.479 65.0816 57.8193 53.3328 51.621
threshold=0.015348102431744339 0.029561491683125499 0.0076997326686978349 0.96601364016532909 0.63029590249061596 5.1900949478149423 0.032654678449034698 1.0000000180025095e-35 0.014389234129339458 0.89736840128898632 0.97368422150611889 6.5781385898590097 0.24853761494159701 0.97368422150611889
decision_type=2 2 2 2 2 2 2 2 2 2 2 2 2 2
left_child=2 3 13 8 9 -6 -3 -7 10 -4 12 -5 -2 -1
right_child=1 6 4 11 5 7 -8 -9 -10 -11 -12 -13 -14 -15
leaf_value=-0.054163374753894405 -0.049726816361922513 0.036074370172583539 -0.040204436493514524 0.026084164724292563 0.014690495455919878 0.022960645482178396 0.057231415623894492 -0.050629085115454553 0.012727768368298182 -0.013371836139572595 0.0044099822595801237 -0.028385397542525143 -0.012493776934673802 -0.038862685869849069
leaf_weight=2264.1686465765961 116.10293529441697 3242.0613551608985 1323.8855017356691 1525.0555582431261 395.03664449878852 78.756544896226842 974.96920473687351 227.32409081848164 1387.7813497552415 514.8666623350291 494.61827658023685 46.389083936461248 497.70531894105807 819.76989947241964
leaf_count=314917 7350 6821 127514 10573 11737 2238 794 23625 13450 26749 11552 1700 20037 94774
internal_value=6.60012e-10 0.0264545 -0.0389603 0.0113143 -0.0252827 -0.0056117 0.0410278 -0.0316293 0.00304955 -0.0327477 -0.0090706 0.0243913 -0.0198814 -0.0501656
internal_weight=13908.5 8284.68 5623.81 4067.65 2539.87 701.117 4217.03 306.081 2496.21 1838.75 1108.43 1571.44 613.808 3083.94
internal_count=673831 72277 601554 64662 191863 37600 7615 25863 52389 154263 38939 12273 27387 409691
is_linear=0
shrinkage=0.05


Tree=17
num_leaves=15
num_cat=0
split_feature=0 1 1 1 3 19 13 13 13 5 5 19 0 13
split_gain=5311.51 593.864 419.023 138.108 131.178 120.241 99.632 116.184 73.6205 99.4718 65.8697 69.961 61.7814 61.0969
threshold=0.012903762981295587 0.029561491683125499 0.0094340671785175818 0.032654678449034698 0.96601364016532909 0.34525407850742346 0.89736840128898632 0.17424242943525317 0.97368422150611889 5.3525319099426278 6.5781385898590097 0.79454472661018383 0.014815627597272398 0.97368422150611889
decision_type=2 2 2 2 2 2 2 2 2 2 2 2 2 2
left_child=2 4 8 -3 6 13 7 12 -1 -10 11 -7 -2 -4
right_child=1 3 5 -5 -6 10 -8 -9 9 -11 -12 -13 -14 -15
leaf_value=-0.051433860938010334 -0.01249577699442043 0.034635193726467568 -0.040088521519741592 0.05658323365967937 0.023529484238531594 -0.013694128979707827 0.01673862850494388 -0.037406166063028622 -0.020818531777365354 -0.053646433735961674 -0.034927625443967839 0.013269951997038563 0.012068187935442024 -0.012729875667373542
leaf_weight=2612.9242405155383 422.52629007364158 3207.1474014217383 693.68193381631863 944.86468321247958 1501.5222197594121 612.64416763086047 934.6369542729808 219.09411882178392 557.15730073142913 402.79331981739961 190.89292085323541 389.21531473481446 633.18498480459675 297.02057928079739
leaf_count=369957 13688 6821 62591 794 9879 35212 9895 10693 44099 64491 14833 11800 6356 12722
internal_value=-1.07805e-09 0.0267099 -0.0364764 0.0396919 0.0121511 -0.0191563 0.00438268 -0.00470621 -0.0470195 -0.0347997 -0.00840654 -0.0032049 0.00222442 -0.0319913
internal_weight=13619.3 7862.98 5756.33 4152.01 3710.96 2183.45 2209.44 1274.81 3572.87 959.951 1192.75 1001.86 1055.71 990.703
internal_count=673831 58126 615705 7615 50511 137158 40632 30737 478547 108590 61845 47012 20044 75313
is_linear=0
shrinkage=0.05


Tree=18
num_leaves=15
num_cat=0
split_feature=1 0 1 1 19 3 5 8 13 1 13 5 13 19
split_gain=4957.64 585.086 397.794 166.683 118.043 117.51 105.239 89.2099 85.6811 74.8181 72.0518 93.7002 66.4775 43.4967
threshold=0.016123023815453056 0.015749008394777778 0.0094340671785175818 0.032654678449034698 0.55381518602371227 0.96601364016532909 5.3525319099426278 1.0000000180025095e-35 0.89736840128898632 0.021546212956309322 0.97368422150611889 5.3525319099426278 0.20714285969734195 0.63991481065750133
decision_type=2 2 2 2 2 2 2 2 2 2 2 2 2 2
left_child=2 4 10 -3 9 8 -7 -8 12 -2 -1 13 -4 -12
right_child=1 3 5 -5 -6 6 7 -9 -10 -11 11 -13 -14 -15
leaf_value=-0.050658254909459757 -0.017000920684770198 0.032149688664556836 -0.025982787722948882 0.055999176544877294 0.018940057119074295 0.014238248682697517 0.021512193822374112 -0.048203308593024546 -0.0088005457093325475 0.0064567896316003294 -0.026330799044126049 -0.052839164459251936 -0.053885903584308725 0.012302055383145379
leaf_weight=2513.1175736570294 501.76049596609664 3899.0884153362713 771.37182056652091 914.86840774933808 1363.5839790185564 410.82810787233757 60.973798968479969 154.88642823180999 492.44310374133056 1027.5958593103569 467.30226281838259 383.57448014890542 303.70868203847203 83.094556044088677
leaf_count=369957 22018 9696 53647 794 15826 7602 1209 14090 20700 15868 39149 64491 33834 4950
internal_value=2.10558e-10 0.0260636 -0.0355985 0.0367356 0.0082724 -0.0188942 -0.00058122 -0.0284697 -0.0261905 -0.00126968 -0.0461888 -0.0339566 -0.0340783 -0.0204401
internal_weight=13348.2 7706.9 5641.3 4813.96 2892.94 2194.21 626.688 215.86 1567.52 1529.36 3447.09 933.971 1075.08 550.397
internal_count=673831 64202 609629 10490 53712 131082 22901 15299 108181 37886 478547 108590 87481 44099
is_linear=0
shrinkage=0.05


Tree=19
num_leaves=15
num_cat=0
split_feature=0 1 1 13 5 19 13 13 1 1 19 10 13 1
split_gain=4606.33 614.82 381.609 109.329 115.239 100.395 92.0214 264.119 86.4619 83.1667 68.9997 63.3264 50.6809 57.5801
threshold=0.014185110572725536 0.012048386037349703 0.031269090250134475 0.97368422150611889 4.9814283847808847 0.79454472661018383 0.97368422150611889 0.20714285969734195 0.032654678449034698 0.01844666060060263 0.81590971350669872 0.016261236742138866 0.20714285969734195 0.00766294775530696
decision_type=2 2 2 2 2 2 2 2 2 2 2 2 2 2
left_child=1 3 6 12 10 9 7 11 -4 -3 -5 -2 13 -1
right_child=2 5 8 4 -6 -7 -8 -9 -10 -11 -12 -13 -14 -15
leaf_value=-0.048745022688485851 0.014287040187443112 -0.026385215003777603 0.036321177202536095 -0.022094885471816789 -0.049102023004630985 0.0080890679644721065 0.026865953599143851 -0.03549191022354551 0.055469078201391443 -0.0031009496661959486 0.025259401678837098 0.041263861566999745 -0.057029565892229385 -0.030246337362916483
leaf_weight=1305.1497863241821 1696.0652841629926 852.94414200796746 1976.0394840016379 631.34605387563352 437.39344107342185 598.18210776346677 1753.6286078951089 259.10540389141534 884.65919182053767 696.18598975503119 83.278196273138747 247.30676939035766 977.26285943298717 673.5671521461627
leaf_count=198062 14721 52348 2973 49198 70800 15666 9369 6414 794 21930 3474 481 157478 70123
internal_value=1.08911e-11 -0.0309713 0.0284221 -0.0422947 -0.0289992 -0.00926083 0.0183252 0.0114795 0.042329 -0.0159648 -0.0164393 0.0178171 -0.0474186 -0.0425401
internal_weight=13072.1 6255.31 6816.8 4108 1152.02 2147.31 3956.11 2202.48 2860.7 1549.13 714.624 1943.37 2955.98 1978.72
internal_count=673831 639079 34752 549135 123472 89944 30985 21616 3767 74278 52672 15202 425663 268185
is_linear=0
shrinkage=0.05


Tree=20
num_leaves=15
num_cat=0
split_feature=1 1 1 3 1 19 13 13 5 8 19 13 5 13
split_gain=4323.55 604.18 275.947 150.467 150.163 118.434 87.6342 87.1558 80.0171 149.054 67.7967 65.5239 54.3439 49.5783
threshold=0.015348102431744339 0.029000738635659221 0.00766294775530696 0.96601364016532909 0.032654678449034698 0.38312937319278723 0.97368422150611889 1.0000000180025095e-35 5.3525319099426278 1.0000000180025095e-35 0.78758457303047191 0.89736840128898632 6.5781385898590097 0.97368422150611889
decision_type=2 2 2 2 2 2 2 2 2 2 2 2 2 2
left_child=2 3 13 6 -3 11 7 -2 10 -10 -7 -4 -5 -1
right_child=1 4 5 12 -6 8 -8 -9 9 -11 -12 -13 -14 -15
leaf_value=-0.051618968447784033 -0.0021940781269800687 0.031321701550930385 -0.040253005603064121 0.02326269795878921 0.054952438643762071 -0.015047712207900375 0.011553183489274747 -0.036215842550734019 0.023663836405888844 -0.050844974743880361 0.015918249412420739 -0.014921293229958188 -0.029499250600824936 -0.035607622400515675
leaf_weight=1918.6120098539977 1043.381819040238 3333.499945701973 979.38830661354586 1314.1991716526391 855.25100236770231 397.39053225504176 973.56924127112143 224.88809065855457 88.376423243345926 244.9054198605445 310.26339720604301 355.80735004309099 46.558794431271963 720.98976547393249
leaf_count=312606 24192 8142 106911 10087 794 29473 15128 12234 3053 28468 8354 18384 1700 94305
internal_value=-2.67733e-11 0.0233042 -0.0361874 0.00827336 0.0362063 -0.0237457 0.000302544 -0.0083453 -0.0110269 -0.0310297 -0.00145458 -0.0335834 0.021356 -0.0473212
internal_weight=12807.1 7791.35 5015.73 3602.6 4188.75 2376.13 2241.84 1268.27 1040.94 333.282 707.654 1335.2 1360.76 2639.6
internal_count=673831 72277 601554 63341 8936 194643 51554 36426 69348 31521 37827 125295 11787 406911
is_linear=0
shrinkage=0.05


Tree=21
num_leaves=15
num_cat=0
split_feature=0 1 1 13 5 19 12 5 19 13 18 13 13 1
split_gain=4026.36 541.437 358.832 108.31 106.905 105.317 93.009 62.2248 54.0419 53.3937 52.2046 55.9137 71.5719 48.5432
threshold=0.014185110572725536 0.011494442820549013 0.03201024420559407 0.97368422150611889 5.3525319099426278 0.48524045944213873 0.26785714924335485 3.1641012430191044 0.39954443275928503 0.97368422150611889 0.85117706656456005 0.89736840128898632 0.2264957278966904 0.032654678449034698
decision_type=2 2 2 2 2 2 2 2 2 2 2 2 2 2
left_child=1 3 5 -1 8 10 9 -7 -5 -3 11 12 -2 -4
right_child=2 6 13 4 -6 7 -8 -9 -10 -11 -12 -13 -14 -15
leaf_value=-0.047075217475694014 1.055079233597128e-05 -0.028253838089395439 0.037769862888383014 -0.025728137236526356 -0.049668933503801041 0.02606308525395323 -4.7023738896865379e-05 -0.011778328770213162 0.0040549237778760737 -0.0058283208538493425 0.021440514319686278 0.016011453913047122 -0.046445038350185888 0.054455691595829539
leaf_weight=2639.5750753853063 520.12151819220162 750.03677831997629 1090.4067077700165 459.43960565357702 360.70657769672107 3000.2106434311136 1093.0427779550955 110.0016190627357 224.8155661689234 414.1377050318406 534.51635031425394 429.3425436837133 93.631933767115697 825.25727207597811
leaf_count=415924 6901 47552 1383 37144 68117 13564 41721 1494 15267 13354 3838 2986 3792 794
internal_value=-3.34282e-10 -0.0298487 0.0268598 -0.0416517 -0.027793 0.0193736 -0.0105327 0.024708 -0.0159843 -0.0203353 0.00881235 0.00226986 -0.00739458 0.0450811
internal_weight=12545.2 5941.75 6603.49 3684.54 1044.96 4687.82 2257.22 3110.21 684.255 1164.17 1577.61 1043.1 613.753 1915.66
internal_count=673831 639079 34752 536452 120528 32575 102627 15058 52411 60906 17517 13679 10693 2177
is_linear=0
shrinkage=0.05


Tree=22
num_leaves=15
num_cat=0
split_feature=1 0 1 1 19 19 5 8 13 1 13 5 13 2
split_gain=3766.11 502.311 319.344 162.198 115.199 102.394 92.1975 91.2187 80.7988 73.2043 53.689 67.1733 50.9591 38.6899
threshold=0.016123023815453056 0.015749008394777778 0.008474652189761402 0.032654678449034698 0.63029590249061596 0.6492956578731538 5.3525319099426278 1.0000000180025095e-35 0.89736840128898632 0.021846321411430839 0.97368422150611889 5.3525319099426278 0.17424242943525317 5.248507261276246
decision_type=2 2 2 2 2 2 2 2 2 2 2 2 2 2
left_child=2 5 10 13 8 9 -6 -8 12 -2 -1 -12 -4 -3
right_child=1 3 4 -5 6 -7 7 -9 -10 -11 11 -13 -14 -15
leaf_value=-0.049181368842532269 -0.016229427730669058 0.0097941702029218976 -0.027193244990863646 0.053970982283885152 0.0099762390080146649 0.018340789921450221 0.020016653614533562 -0.046710490304494999 -0.010081116099309586 0.0059070195410741372 -0.020453452136189876 -0.051150909140712623 -0.051108433165329016 0.030364488734442044
leaf_weight=1961.814107834005 549.80840258479293 251.32944892518572 795.46777363799629 796.06978099246044 476.379296544299 1082.2069733993267 68.716450774169061 172.20066323391802 503.92562668232131 1137.8502626233385 454.04402719764039 301.92504782869946 323.65214259369532 3422.7280146869598
leaf_count=341059 24834 1286 66544 794 11880 11822 1732 18409 23981 17056 39456 62539 44029 8410
internal_value=5.88982e-10 0.0231212 -0.0330849 0.0334798 -0.0194829 0.00637395 -0.00276786 -0.027658 -0.0268388 -0.00133127 -0.0447407 -0.0329692 -0.0343061 0.0289726
internal_weight=12298.1 7239.99 5058.13 4470.13 2340.34 2769.87 717.296 240.917 1623.05 1687.66 2717.78 755.969 1119.12 3674.06
internal_count=673831 64202 609629 10490 166575 53712 32021 20141 134554 41890 443054 101995 110573 9696
is_linear=0
shrinkage=0.05


Tree=23
num_leaves=15
num_cat=0
split_feature=0 1 1 19 3 1 13 13 5 11 5 19 5 8
split_gain=3520.62 411.908 376.488 140.822 92.2447 89.4094 68.3206 67.9444 73.7867 61.0621 60.0888 61.2201 55.0974 52.0821
threshold=0.013793759513646366 0.0094340671785175818 0.031269090250134475 0.34525407850742346 0.96601364016532909 0.032654678449034698 0.97368422150611889 0.97368422150611889 5.3525319099426278 0.00766294775530696 6.5781385898590097 0.79454472661018383 3.1641012430191044 1.0000000180025095e-35
decision_type=2 2 2 2 2 2 2 2 2 2 2 2 2 2
left_child=1 7 4 6 9 -4 -3 -1 -9 -2 11 -5 -6 -12
right_child=2 3 5 10 12 -7 -8 8 -10 -11 13 -13 -14 -15
leaf_value=-0.04771925772399057 -0.015260802305669771 -0.037536390884447636 0.032946834541865581 -0.0098555626828347852 0.025062595257843663 0.053537594760158715 -0.010413688814048758 -0.018550885238385811 -0.04986569544912027 0.010824343117538592 0.012953339972797656 0.012713603234319507 -0.015792765427251779 -0.046123561366343817
leaf_weight=2076.8129752659588 248.35214226314565 719.34532915833552 1852.6033375134575 737.93068707978819 1714.258373664401 766.61920744611416 348.97850086900871 517.12891002558172 300.58161035150988 1990.3082664088579 48.012365764647257 499.53381300298497 83.448133271071129 137.52146172100038
leaf_count=369957 6544 69943 2973 40491 7671 794 14315 44099 64491 22179 1259 13636 1337 14142
internal_value=4.17475e-10 -0.0300392 0.0243126 -0.0150902 0.0147039 0.0390641 -0.0287663 -0.0428576 -0.030295 0.00790295 -0.00475804 -0.000730449 0.0231276 -0.0308969
internal_weight=12041.4 5385.85 6655.59 2491.32 4036.37 2619.22 1068.32 2894.52 817.711 2238.66 1423 1237.46 1797.71 185.534
internal_count=673831 632333 41498 153786 37731 3767 84258 478547 108590 28723 69528 54127 9008 15401
is_linear=0
shrinkage=0.05


Tree=24
num_leaves=15
num_cat=0
split_feature=1 0 1 1 19 5 19 8 13 13 13 13 5 13
split_gain=3293.05 461.894 287.514 158.319 118.109 100.765 92.3953 89.7996 78.0814 58.7693 48.8727 47.5317 60.2255 45.2428
threshold=0.016123023815453056 0.015749008394777778 0.00766294775530696 0.032654678449034698 0.63029590249061596 5.3525319099426278 0.56480124592781078 1.0000000180025095e-35 0.89736840128898632 0.97368422150611889 0.17424242943525317 0.97368422150611889 4.0109407901763925 0.37980769574642187
decision_type=2 2 2 2 2 2 2 2 2 2 2 2 2 2
left_child=2 6 11 -3 8 -6 9 -7 10 13 -4 -1 -13 -2
right_child=1 3 4 -5 5 7 -8 -9 -10 -11 -12 12 -14 -15
leaf_value=-0.049403680726166674 -0.0062682674704310345 0.027567073092732326 -0.027573948144800693 0.05310473158601603 0.0098603263875171043 0.018318622555180755 0.015650813208176961 -0.045714376891466631 -0.011356501448396885 0.0083062018143846474 -0.050048960562299211 -0.018282576903111619 -0.049109903177598918 -0.037101669901527426
leaf_weight=1634.0201563715527 675.71688613847073 3563.7205184627383 857.28601850846462 737.66055568004958 488.76279381747008 72.625041333900299 1242.0632558438228 192.21699005902337 541.66775471260189 652.02422062918777 354.05076757090865 349.18311046791496 300.61246025946457 140.23289535753429
leaf_count=312606 18778 9696 80547 794 13328 2216 15161 24395 28485 11243 53747 31910 62395 8530
internal_value=5.89095e-10 0.0218256 -0.0319341 0.0320032 -0.0201783 -0.00359213 0.00564251 -0.0281412 -0.0272781 -0.00284996 -0.0343217 -0.0447645 -0.0328102 -0.0117611
internal_weight=11801.8 7011.42 4790.43 4301.38 2506.61 753.605 2710.04 264.842 1753 1467.97 1211.34 2283.82 649.796 815.95
internal_count=673831 64202 609629 10490 202718 39939 53712 26611 162779 38551 134294 406911 94305 27308
is_linear=0
shrinkage=0.05


Tree=25
num_leaves=15
num_cat=0
split_feature=0 1 1 13 3 5 19 13 5 18 1 19 13 13
split_gain=3062.45 428.574 319.916 97.5754 89.5221 84.7474 78.3273 64.1812 51.9859 51.1872 50.8704 45.7558 44.924 43.5816
threshold=0.014185110572725536 0.011905506253242494 0.03201024420559407 0.97368422150611889 0.55273211002349865 5.3525319099426278 0.79454472661018383 0.97368422150611889 3.1641012430191044 0.84359738230705272 0.032654678449034698 0.39954443275928503 0.89736840128898632 0.20714285969734195
decision_type=2 2 2 2 2 2 2 2 2 2 2 2 2 2
left_child=1 3 4 13 9 11 7 -3 -6 12 -4 -5 -2 -1
right_child=2 6 10 5 8 -7 -8 -9 -10 -11 -12 -13 -14 -15
leaf_value=-0.039109211609766575 -0.011899098836320612 -0.024221817660120031 0.034719566876760713 -0.024199933055744742 0.022948455753128635 -0.046699626546918387 0.0061343324656643328 -0.0028235136017723565 -0.012472521081047364 0.016858777735554123 0.052706797517577043 0.0032575468679105881 0.012495319206484421 -0.054184265622686738
leaf_weight=1574.6030243573477 467.5055695330957 867.62233310747251 1018.323410178069 453.39760506874882 2930.6249163153698 310.30056079511996 574.37313507046201 588.01719975849846 104.3922811828088 642.19401033601025 708.99729209579527 225.18085277394857 309.352778528817 775.30634560843464
leaf_count=266603 9086 57583 1383 38050 14282 68871 16261 19287 1532 5342 794 15799 2333 156625
internal_value=1.04262e-10 -0.0276121 0.0239852 -0.0386164 0.016869 -0.0252222 -0.00946275 -0.0156171 0.0217116 0.00647199 0.0422334 -0.0151312 -0.00216721 -0.0441874
internal_weight=11550.2 5368.8 6181.39 3338.79 4454.07 988.879 2030.01 1455.64 3035.02 1419.05 1727.32 678.578 776.858 2349.91
internal_count=673831 639079 34752 545948 32575 122720 93131 76870 15814 16761 2177 53849 11419 423228
is_linear=0
shrinkage=0.05


Tree=26
num_leaves=15
num_cat=0
split_feature=1 1 1 19 1 19 5 8 13 11 2 13 5 10
split_gain=2857.46 411.609 263.118 129.666 106.83 105.457 87.7879 83.9411 68.8201 57.845 49.6807 46.7876 53.7735 45.6317
threshold=0.016123023815453056 0.030724193900823597 0.00766294775530696 0.55381518602371227 0.032654678449034698 0.63029590249061596 5.3525319099426278 1.0000000180025095e-35 0.89736840128898632 0.013793759513646366 3.2531822919845585 0.97368422150611889 4.0109407901763925 0.01183473411947489
decision_type=2 2 2 2 2 2 2 2 2 2 2 2 2 2
left_child=2 3 11 9 -3 8 -7 -8 -4 10 -2 -1 -13 -5
right_child=1 4 5 13 -6 6 7 -9 -10 -11 -12 12 -14 -15
leaf_value=-0.048413380062051446 -0.043095934197905444 0.02942037310241102 -0.033105971351617795 0.00010118101223724463 0.052316195999639416 0.0091237238891225259 0.017983114737379565 -0.044768242666040764 -0.011179368302155209 0.0094026365476550661 -0.0043347342595885519 -0.01774188108970522 -0.04778252854028197 0.021633967723123738
leaf_weight=1506.4990511491487 86.551402741839411 2159.6689330457011 1150.6972648963565 285.28960874956101 681.36928178294329 477.63653889365378 71.445754529791884 181.28232823799772 528.50955645478098 933.28457881583017 870.2165199732699 339.73022555880016 274.66159467666876 1785.5187554332952
leaf_count=312606 5340 4271 134294 6989 794 13328 2216 24395 28485 9010 26334 31910 62395 11464
internal_value=2.22623e-10 0.0204854 -0.0307448 0.0100479 0.0349938 -0.0193766 -0.00348311 -0.0270238 -0.0262585 0.000571501 -0.00804698 -0.0435845 -0.0314488 0.0186748
internal_weight=11332.4 6801.9 4530.46 3960.86 2841.04 2409.57 730.365 252.728 1679.21 1890.05 956.768 2120.89 614.392 2070.81
internal_count=673831 64202 609629 59137 5065 202718 39939 26611 162779 40684 31674 406911 94305 18453
is_linear=0
shrinkage=0.05


Tree=27
num_leaves=15
num_cat=0
split_feature=1 0 1 1 19 19 5 8 11 13 13 5 5 19
split_gain=2659.74 466.825 182.078 135.821 121.023 83.3326 75.3618 77.3033 70.3418 58.1438 46.0857 50.4782 41.6788 41.2536
threshold=0.01492574065923691 0.016001024283468727 0.00766294775530696 0.032654678449034698 0.54836502671241771 0.78758457303047191 5.1900949478149423 1.0000000180025095e-35 0.011299795936793091 0.89736840128898632 0.97368422150611889 4.0109407901763925 4.2830162048339853 0.6492956578731538
decision_type=2 2 2 2 2 2 2 2 2 2 2 2 2 2
left_child=2 4 10 -3 8 9 -7 -8 -2 -4 -1 13 -6 -12
right_child=1 3 5 -5 12 6 7 -9 -10 -11 11 -13 -14 -15
leaf_value=-0.04789640705277938 -0.018047392083720814 0.026568784313497906 -0.033950910119040424 0.051929310633966774 0.016865225567875491 0.014145861570916317 0.018159250065987852 -0.046463515408127404 0.0032442671129986711 -0.012632272115026653 -0.023560077185899263 -0.047150806877748114 -0.012961763688431391 0.031102067417551362
leaf_weight=1441.0528181748814 566.20191775071726 2860.0712612548959 1032.5975900969497 653.71755911555374 1674.2119571800577 267.78724904902629 65.129676103766542 138.01992082346987 1205.271574323735 474.62786164710997 301.66364997508936 261.39895227577654 122.32327609224012 34.5421275368426
leaf_count=312606 26148 7182 131508 794 17535 7764 1879 20922 21322 28422 29560 62395 3444 2350
internal_value=-1.92842e-10 0.0184309 -0.0324768 0.031354 0.00567804 -0.0215812 -0.00317877 -0.0258069 -0.00359266 -0.0273016 -0.0429704 -0.0307932 0.014804 -0.0175706
internal_weight=11098.6 7081.8 4016.82 3513.79 3568.01 1978.16 470.937 203.15 1771.47 1507.23 2038.66 597.605 1796.54 336.206
internal_count=673831 76425 597406 7976 68449 190495 30565 22801 47470 159930 406911 94305 20979 31910
is_linear=0
shrinkage=0.05


Tree=28
num_leaves=15
num_cat=0
split_feature=0 1 1 13 13 13 12 5 3 1 5 13 19 19
split_gain=2478.23 361.82 293.176 88.773 262.413 85.8339 77.3606 68.1976 57.9214 52.0273 41.4241 38.4144 37.6619 36.6891
threshold=0.014185110572725536 0.011111282743513586 0.03201024420559407 0.97368422150611889 0.20714285969734195 0.97368422150611889 0.26785714924335485 5.3525319099426278 0.99839973449707042 0.032654678449034698 3.4184380769729619 0.97368422150611889 0.44430501759052282 0.80026847124099743
decision_type=2 2 2 2 2 2 2 2 2 2 2 2 2 2
left_child=1 5 3 4 8 13 11 12 -2 -4 -5 -3 -7 -1
right_child=2 6 9 10 -6 7 -8 -9 -10 -11 -12 -13 -14 -15
leaf_value=-0.046195323911986136 0.0065588113419553958 -0.026625773531048315 0.032604402680983732 0.02395485533989189 -0.037704656059183016 -0.022502325918814334 -0.00064864319484985507 -0.045460816749909462 0.023325989770407049 0.051593877263473531 -0.02653403355824227 -0.0071871634127856068 0.0052966442048246482 -0.025204897835479002
leaf_weight=1709.4128941318049 1092.2273159462784 705.68936295416643 968.29340977693209 1927.0059515584144 267.1953840124188 431.05548865790479 1038.3369751054779 260.00629464155645 979.13050373355509 626.61226790928049 37.571781289065257 403.08144593192264 166.78860220167553 260.09197480334115
leaf_count=356491 11792 52859 1383 9471 6582 38957 44556 67524 4135 794 595 14429 12030 52233
internal_value=-2.78284e-10 -0.025979 0.0219144 0.0150972 0.00848681 -0.0377175 -0.0104699 -0.0242797 0.0145217 0.040203 0.0229244 -0.0196231 -0.0147673 -0.0434942
internal_weight=10872.5 4974.46 5898.04 4303.13 2338.55 2827.36 2147.11 857.85 2071.36 1594.91 1964.58 1108.77 597.844 1969.5
internal_count=673831 639079 34752 32575 22509 527235 111844 118511 15927 2177 10066 67288 50987 408724
is_linear=0
shrinkage=0.05


Tree=29
num_leaves=15
num_cat=0
split_feature=1 1 1 3 13 19 5 11 1 5 8 19 5 8
split_gain=2326.2 387.663 251.895 88.806 88.3106 79.2984 69.087 53.7279 52.1726 49.093 62.1124 46.4845 137.498 42.0588
threshold=0.020987635478377346 0.011905506253242494 0.03201024420559407 0.96601364016532909 0.97368422150611889 0.44430501759052282 5.3525319099426278 0.013245614245533945 0.032654678449034698 4.5554723739624032 1.0000000180025095e-35 0.79454472661018383 5.3525319099426278 1.0000000180025095e-35
decision_type=2 2 2 2 2 2 2 2 2 2 2 2 2 2
left_child=1 4 5 7 11 -2 -6 -3 -4 -5 -11 -1 -13 -14
right_child=2 3 8 9 6 -7 -8 -9 -10 10 -12 12 13 -15
leaf_value=-0.04504498812109186 0.0045284313342014689 -0.021814197660442035 0.031911553612842196 0.013142356117242113 -0.014026621083249076 0.020194629196806993 -0.04453055436571618 -0.00083705146519694586 0.05121665230470384 0.02481796950368088 -0.034818214823030838 0.035343379516959969 0.0075455478506579604 -0.051864300016639824
leaf_weight=1739.9165802609059 1129.6578903429036 1014.0469408633362 951.15433199479594 556.08778083097422 648.40691311075352 2860.5365764682065 259.79936930036638 436.36134494596627 600.87160224741092 60.034070710185915 131.1328303431219 72.125869979630806 34.064991526247468 181.31133140601742
leaf_count=367757 15559 63515 1383 7354 53849 18126 68871 11789 794 668 8695 7727 4201 43543
internal_value=-3.70047e-10 -0.0242395 0.0224526 -0.00833128 -0.0361143 0.0157706 -0.0229485 -0.0155277 0.0395261 0.00564719 -0.0159348 -0.0419412 -0.0227084 -0.0425097
internal_weight=10675.5 5133.29 5542.22 2197.66 2935.63 3990.19 908.206 1450.41 1552.03 747.255 191.167 2027.42 287.502 215.376
internal_count=673831 637969 35862 92021 545948 33685 122720 75304 2177 16717 9363 423228 55471 47744
is_linear=0
shrinkage=0.05


Tree=30
num_leaves=15
num_cat=0
split_feature=1 0 1 1 19 13 13 5 8 13 3 13 13 5
split_gain=2155.34 350.19 220.03 147.183 88.2255 77.5947 86.4961 70.8622 68.5941 55.7631 46.3206 44.2653 42.8262 42.1181
threshold=0.016123023815453056 0.015749008394777778 0.0076046728063374766 0.032654678449034698 0.63029590249061596 0.97368422150611889 0.37980769574642187 5.3525319099426278 1.0000000180025095e-35 0.89736840128898632 0.36136545240879064 0.17424242943525317 0.97368422150611889 5.3525319099426278
decision_type=2 2 2 2 2 2 2 2 2 2 2 2 2 2
left_child=2 5 12 -3 9 6 10 -6 -9 11 -2 -4 -1 -14
right_child=1 3 4 -5 7 -7 -8 8 -10 -11 -12 -13 13 -15
leaf_value=-0.046541316759283115 -0.018911112672313456 0.023397962083869364 -0.024396694958532809 0.050852070498056325 0.0083119052092851219 0.01291016375608185 -0.034744894021719118 0.015044244301192772 -0.0428198018056846 -0.010820186487512214 0.0057937545999140064 -0.04759840989170197 -0.018778009259043524 -0.048053975725164427
leaf_weight=1265.0564952791756 233.63678093324415 3284.7606601101579 751.73148134583607 575.19483559479704 460.08454686964978 1196.9905510536046 196.76442817150382 70.863888817431871 161.82521023938898 509.72510894871084 921.01136095216498 294.40244510912453 360.86383950925665 191.41857240558602
leaf_count=310638 9040 9696 81437 794 13428 17578 10378 2272 25106 28843 16716 54322 35352 58231
internal_value=2.92717e-10 0.0180619 -0.0284545 0.0275496 -0.0179349 0.00366562 -0.00453998 -0.00306169 -0.0252519 -0.0245264 0.000734874 -0.0311215 -0.0413858 -0.029265
internal_weight=10474.3 6408.36 4065.97 3859.96 2248.63 2548.4 1351.41 692.774 232.689 1555.86 1154.65 1046.13 1817.34 552.282
internal_count=673831 64202 609629 10490 205408 53712 36134 40806 27378 164602 25756 135759 404221 93583
is_linear=0
shrinkage=0.05


Tree=31
num_leaves=15
num_cat=0
split_feature=1 1 1 3 3 13 5 13 8 13 1 5 11 2
split_gain=2009.14 345.927 239.493 109.801 79.8113 71.6535 71.312 66.1843 63.5719 59.7547 51.7251 51.0398 49.1243 42.7818
threshold=0.020987635478377346 0.0094340671785175818 0.03201024420559407 0.96601364016532909 0.82061639428138744 0.89736840128898632 5.3525319099426278 0.17424242943525317 1.0000000180025095e-35 0.97368422150611889 0.032654678449034698 5.3525319099426278 0.015504807699471714 3.07660984992981
decision_type=2 2 2 2 2 2 2 2 2 2 2 2 2 2
left_child=1 9 4 5 12 7 -5 -3 -8 -1 -4 -11 13 -2
right_child=2 3 10 6 -6 -7 8 -9 -10 11 -12 -13 -14 -15
leaf_value=-0.043591285259600508 -0.043407862256371756 -0.018745884846310974 0.030668353550947276 0.012001905877032064 0.021971271423378676 -0.0051396677895717557 0.017025468390913935 -0.046839956956236099 -0.039629161188663151 -0.015853136724890582 0.05050940593363229 -0.045723106170476868 0.017642640571984437 0.0034639024946623714
leaf_weight=1506.1515569625481 45.698564147343859 890.71185430028709 920.36316323513165 637.47689611867827 1881.0593368199188 683.21457537356764 70.690774311718997 275.75787376039079 143.94538653764175 466.98915799439419 550.16396736225579 207.60499717618222 762.74784983467543 1223.2083419093979
leaf_count=369957 1902 64461 1383 10659 9386 27468 1323 40200 15311 44099 794 64491 3375 19022
internal_value=2.40332e-10 -0.0232138 0.0210566 -0.0112242 0.014559 -0.0180509 0.00361334 -0.025559 -0.0210071 -0.0380083 0.0382374 -0.0253143 0.00765902 0.00161211
internal_weight=10265.8 4882.54 5383.24 2701.8 3912.71 1849.68 852.113 1166.47 214.636 2180.75 1470.53 674.594 2031.65 1268.91
internal_count=673831 637969 35862 159422 33685 132129 27293 104661 16634 478547 2177 108590 24299 20924
is_linear=0
shrinkage=0.05


Tree=32
num_leaves=15
num_cat=0
split_feature=0 1 1 19 13 13 13 1 3 5 13 5 19 11
split_gain=1880.8 287.004 252.417 88.864 77.4611 213.836 58.6275 51.4491 50.907 48.7345 48.525 45.8801 42.1623 37.183
threshold=0.014185110572725536 0.0094340671785175818 0.03201024420559407 0.34525407850742346 0.97368422150611889 0.20714285969734195 0.97368422150611889 0.032654678449034698 0.96601364016532909 5.3525319099426278 0.97368422150611889 6.5781385898590097 0.79454472661018383 0.010582306887954475
decision_type=2 2 2 2 2 2 2 2 2 2 2 2 2 2
left_child=1 6 4 10 5 8 -1 -4 -2 -8 -3 12 -5 -12
right_child=2 3 7 11 -6 -7 9 -9 -10 -11 13 -13 -14 -15
leaf_value=-0.043066388667425265 0.0046117193333758272 -0.03171579601807905 0.030019909994699497 -0.0085457729819043288 0.020620671995355454 -0.036560370815389945 -0.015512720563787219 0.050138536850070838 0.020660134820088862 -0.045212473113846234 -0.025949861822372269 -0.028973692600523043 0.0099580099532626982 0.0059420179368443694
leaf_weight=1448.204304733983 1032.0603026647004 639.01491672085831 904.2873472616775 726.11510307254503 1889.1940654317732 247.0884364907397 461.18020476144738 525.78630479623098 949.70649862743448 198.29409579918138 162.95977787894662 157.82550102060486 526.7891355213942 197.24691247404553
leaf_count=369957 11747 72626 1383 42783 10066 6582 44099 794 4180 64491 9216 15581 14531 5795
internal_value=1.17209e-10 -0.0239373 0.0194953 -0.012113 0.013182 0.00684492 -0.0373968 0.0375657 0.0123351 -0.024716 -0.0234831 -0.00400503 -0.000757118 -0.00864381
internal_weight=10065.8 4517.63 5548.12 2409.95 4118.05 2228.86 2107.68 1430.07 1981.77 659.474 999.222 1410.73 1252.9 360.207
internal_count=673831 639079 34752 160532 32575 22509 478547 2177 15927 108590 87637 72895 57314 15011
is_linear=0
shrinkage=0.05


Tree=33
num_leaves=15
num_cat=0
split_feature=1 1 1 1 3 19 11 5 8 13 13 13 5 18
split_gain=1756.53 310.52 189.767 116.095 92.6324 73.6787 54.3826 50.1337 52.0691 47.0763 52.316 41.3598 36.9007 30.8965
threshold=0.016123023815453056 0.029561491683125499 0.0076046728063374766 0.032654678449034698 0.96601364016532909 0.38312937319278723 0.012739370577037336 6.5781385898590097 1.0000000180025095e-35 0.97368422150611889 0.17424242943525317 0.97368422150611889 5.3525319099426278 0.8581407666206361
decision_type=2 2 2 2 2 2 2 2 2 2 2 2 2 2
left_child=2 4 11 -3 9 6 -4 -7 -9 10 13 -1 -13 -2
right_child=1 3 5 -5 -6 7 -8 8 -10 -11 -12 12 -14 -15
leaf_value=-0.045238707050175096 -0.0082473996989793821 0.023400189025010024 -0.031713526621486209 0.049774266091937275 0.016234020999788122 -0.0019343981227652744 -0.0053032183616778918 0.011623516687419379 -0.04752443644821755 0.0072256628879180124 -0.032921673665264349 -0.017797021465708208 -0.04671165231397735 0.014685139815213931
leaf_weight=1114.4357649301819 696.87319914973341 2533.7262148974696 869.6552506754233 502.30116128758527 1191.8505521197221 830.49956015645876 253.7326581570087 49.5587135956157 126.31857160443906 849.26249712886056 177.36819246847881 346.63601115450729 165.49420022044796 180.92437085742131
leaf_count=310638 18752 6821 119759 794 10561 49451 11315 2039 22844 13942 10647 35352 58231 2685
internal_value=6.43359e-10 0.0164889 -0.0269047 0.0278384 0.00533333 -0.0170199 -0.0257983 -0.00714162 -0.0309971 -0.00151331 -0.00854788 -0.0397557 -0.027502 -0.00346433
internal_weight=9888.64 6132.31 3756.33 3036.03 3096.28 2129.76 1123.39 1006.38 175.877 1904.43 1055.17 1626.57 512.13 877.798
internal_count=673831 64202 609629 7615 56587 205408 131074 74334 24883 46026 32084 404221 93583 21437
is_linear=0
shrinkage=0.05


Tree=34
num_leaves=15
num_cat=0
split_feature=1 1 1 1 3 19 5 8 13 13 3 18 13 13
split_gain=1632.37 342.181 139.627 135.615 70.1255 60.7342 52.0833 57.6425 50.2951 45.2106 44.3158 43.4067 40.5037 36.88
threshold=0.01492574065923691 0.027421606704592708 0.032654678449034698 0.0076046728063374766 0.96601364016532909 0.78758457303047191 5.3525319099426278 1.0000000180025095e-35 0.97368422150611889 0.89736840128898632 0.91492921113967907 0.85426518321037304 0.97368422150611889 1.0000000180025095e-35
decision_type=2 2 2 2 2 2 2 2 2 2 2 2 2 2
left_child=3 4 10 12 8 9 -7 -8 11 -5 -3 13 -1 -2
right_child=1 2 -4 5 -6 6 7 -9 -10 -11 -12 -13 -14 -15
leaf_value=-0.04476362395049515 -0.012810347266355849 0.014025940943462836 0.04941861624423232 -0.030711005706274466 0.011685574616676764 0.011600203796484075 0.01472262379695557 -0.044652100643072921 0.0045857929158989478 -0.010861850730674321 0.025736543363620853 0.0078455673559548484 -0.026960169167073996 -0.0408908280778204
leaf_weight=1066.4408456205565 610.62833615718409 1474.3507300876081 479.63833157648332 871.15853151312331 930.80121314193821 259.15922636254982 60.645831293426454 108.90604923761566 715.2086674204329 438.02473915714654 1851.3709191010566 196.5382257126912 500.81555985976593 142.59527308272664
leaf_count=310638 20976 7172 794 133047 11375 8107 1868 21342 14928 28821 5012 4854 93583 11314
internal_value=3.88737e-12 0.0147318 0.0242696 -0.0285104 0.000729621 -0.018805 -0.00243334 -0.0236014 -0.00541195 -0.0241365 0.0205739 -0.0129252 -0.0391784 -0.0183609
internal_weight=9706.28 6401.13 3805.36 3305.15 2595.77 1737.89 428.711 169.552 1664.97 1309.18 3325.72 949.762 1567.26 753.224
internal_count=673831 76425 12978 597406 63447 193185 31317 23210 52072 161868 12184 37144 404221 32290
is_linear=0
shrinkage=0.05


Tree=35
num_leaves=15
num_cat=0
split_feature=1 1 1 13 3 3 5 19 5 1 13 13 5 8
split_gain=1523.24 274.716 213.723 79.1562 70.8873 62.5901 53.9288 48.7382 113.84 46.3984 43.2224 51.2904 40.4277 38.7309
threshold=0.020987635478377346 0.011494442820549013 0.03201024420559407 0.97368422150611889 0.55273211002349865 0.96601364016532909 5.3525319099426278 0.79454472661018383 5.3525319099426278 0.032654678449034698 0.89736840128898632 0.20714285969734195 5.1900949478149423 1.0000000180025095e-35
decision_type=2 2 2 2 2 2 2 2 2 2 2 2 2 2
left_child=1 3 4 7 -2 10 -5 -1 -9 -4 11 -3 -7 -14
right_child=2 5 9 6 -6 12 -8 8 -10 -11 -12 -13 13 -15
leaf_value=-0.04319018365523989 0.0024062249961411485 -0.014903464921512217 0.028876030714582397 -0.01193750805818483 0.01724229457045514 0.010211218393949565 -0.042132574261493673 0.038289736604432953 -0.039192746824167284 0.049060264964350002 -0.0032191761475638746 -0.045100287688815688 0.015478681828324356 -0.034297414948033678
leaf_weight=1343.0552859860763 1169.5873013335513 680.26739960405394 853.121564227622 578.13643482982297 2591.762174180767 554.22883531928528 196.97592559023178 61.711078259468195 161.80369755435095 457.76906531560235 536.6018563535763 175.87467486088281 55.626527704880573 109.91466554437648
leaf_count=361477 16688 40466 1383 52411 16997 8145 68117 7411 47036 794 18944 23581 753 9628
internal_value=-5.16556e-10 -0.0213229 0.0187273 -0.0331007 0.0126384 -0.00822017 -0.0198317 -0.039582 -0.0174306 0.0360841 -0.0143902 -0.0213326 0.00373574 -0.0176078
internal_weight=9526.44 4454.2 5072.24 2341.68 3761.35 2112.51 775.112 1566.57 223.515 1310.89 1392.74 856.142 719.77 165.541
internal_count=673831 637969 35862 536452 33685 101517 120528 415924 54447 2177 82991 64047 18526 10381
is_linear=0
shrinkage=0.05


Tree=36
num_leaves=15
num_cat=0
split_feature=0 1 1 19 13 13 5 13 3 1 12 13 8 5
split_gain=1414.78 234.338 224.77 103.741 69.2326 188.516 55.5909 55.5796 45.9776 45.6452 45.1947 39.1305 38.5426 34.3907
threshold=0.014185110572725536 0.0076046728063374766 0.03201024420559407 0.42908418178558355 0.97368422150611889 0.20714285969734195 6.5781385898590097 0.97368422150611889 0.96601364016532909 0.032654678449034698 0.26785714924335485 0.97368422150611889 1.0000000180025095e-35 5.3525319099426278
decision_type=2 2 2 2 2 2 2 2 2 2 2 2 2 2
left_child=1 11 4 7 5 8 10 -3 -2 -4 -5 -1 -8 -13
right_child=2 3 9 6 -6 -7 12 -9 -10 -11 -12 13 -14 -15
leaf_value=-0.0436942653544585 0.0029540467935462202 -0.029585651306464858 0.02831550773726791 -0.0095716674420829595 0.018463519910509752 -0.036615917848776762 0.0089544095791326706 -0.0088877488428149142 0.018503625454367786 0.048696518599903621 0.011108931428851681 -0.01640279056811722 -0.042498960549358318 -0.04563761472258511
leaf_weight=986.91781706597249 990.71987560350681 909.64485084361513 838.31358970131259 469.67688003508374 1828.0593464711565 234.63082466891501 48.490546708460897 511.43914167344337 912.98483586055227 436.50576247647405 590.9617594202864 332.15404297236819 124.57025401871942 146.28335062596307
leaf_count=310638 11747 129594 1383 29928 10066 6582 1993 26792 4180 794 23652 35352 22899 58231
internal_value=2.52735e-10 -0.0219087 0.017227 -0.0130089 0.0113305 0.00520364 -0.00238199 -0.0221939 0.0104403 0.0354571 0.00194911 -0.0379334 -0.0282354 -0.025721
internal_weight=9361.35 4120.14 5241.21 2654.78 3966.39 2138.34 1233.7 1421.08 1903.7 1274.82 1060.64 1465.36 173.061 478.437
internal_count=673831 639079 34752 234858 32575 22509 78472 156386 15927 2177 53580 404221 24892 93583
is_linear=0
shrinkage=0.05


Tree=37
num_leaves=15
num_cat=0
split_feature=1 0 1 1 3 19 13 13 11 13 5 5 8 5
split_gain=1318.49 278.868 146.311 104.529 86.6991 61.5774 52.5081 43.2828 39.8322 39.0667 35.1552 34.4323 40.3531 33.5943
threshold=0.015851790085434917 0.016001024283468727 0.0076046728063374766 0.032654678449034698 0.99839973449707042 0.38312937319278723 0.97368422150611889 0.37980769574642187 0.012739370577037336 0.97368422150611889 2.2879773378372197 6.5781385898590097 1.0000000180025095e-35 4.0109407901763925
decision_type=2 2 2 2 2 2 2 2 2 2 2 2 2 2
left_child=2 4 9 10 6 8 7 -2 -4 -1 -3 -7 -13 -11
right_child=1 3 5 -5 -6 11 -8 -9 -10 13 -12 12 -14 -15
leaf_value=-0.043311542768608158 -0.0065831161865021297 0.023995503072607675 -0.029880675287834238 0.048336202583795507 0.014414428007574765 -0.0020180106795942066 0.0057474960367708714 -0.035832673986446899 -0.0056595042422697226 -0.014410180805958095 0.008312480978588473 0.0095027593067443916 -0.04447014020706274 -0.042399854627216793
leaf_weight=946.41336404887261 847.75179441866931 2048.0663177090464 779.67477244327893 416.00187311309855 1119.9909155453788 744.38308332682936 877.4892267260002 144.47528994324966 220.02279060235014 293.87761717371177 441.11552128009498 48.296360469015781 105.06533580174437 172.02995699862367
leaf_count=310638 23244 5466 118743 794 10915 48441 14640 10098 10890 31720 1716 2027 22636 61863
internal_value=1.73783e-10 0.0141766 -0.0252328 0.0251951 0.00344553 -0.0160954 -0.00314595 -0.0110004 -0.0246045 -0.0374087 0.0212385 -0.00653609 -0.0277097 -0.0250854
internal_weight=9204.65 5894.89 3309.76 2905.18 2989.71 1897.44 1869.72 992.227 999.698 1412.32 2489.18 897.745 153.362 465.908
internal_count=673831 66873 606958 7976 58897 202737 47982 33342 129633 404221 7182 73104 24663 93583
is_linear=0
shrinkage=0.05


Tree=38
num_leaves=15
num_cat=0
split_feature=1 1 1 3 3 5 13 8 13 1 13 5 9 5
split_gain=1240.76 232.982 193.548 108.067 67.0539 67.021 66.6462 59.3298 58.5161 41.8626 38.1962 34.9038 34.6274 31.4389
threshold=0.020987635478377346 0.0076046728063374766 0.03201024420559407 0.96601364016532909 0.61477193236351024 5.3525319099426278 0.89736840128898632 1.0000000180025095e-35 0.17424242943525317 0.032654678449034698 0.97368422150611889 1.9296561479568484 0.86276519298553478 5.3525319099426278
decision_type=2 2 2 2 2 2 2 2 2 2 2 2 2 2
left_child=1 10 4 6 -2 -5 8 -7 12 -4 -1 -6 -3 -12
right_child=2 3 9 5 11 7 -8 -9 -10 -11 13 -13 -14 -15
leaf_value=-0.042884369935646566 0.0026170116454192708 -0.022314678860098622 0.027671932555255765 0.011465613301620688 0.021276058471782551 0.0156385320100784 -0.0060976763061408408 -0.038074807538836408 -0.044464717552331917 0.047975414472229076 -0.015811611184493521 0.0084072380968659623 0.0078306965455569658 -0.044802514430611153
leaf_weight=908.81633863261959 1362.9148686843109 829.32738167230855 803.93966349773109 629.87557237056899 1462.417726213811 74.049815159814898 726.84466449587489 147.83814164155046 297.34339199600799 396.43738658781513 324.14690806966973 837.53677568171406 105.03915890189819 132.70076686653192
leaf_count=310638 19250 88409 1383 12895 7966 2051 37657 24289 61595 794 35352 6469 6852 58231
internal_value=-2.81419e-10 -0.0199781 0.0171578 -0.0117095 0.0114192 0.00314693 -0.0181621 -0.0201997 -0.025228 0.0345486 -0.0368888 0.0166182 -0.0189022 -0.0246265
internal_weight=9039.23 4175.98 4863.25 2810.32 3662.87 851.764 1958.55 221.888 1231.71 1200.38 1365.66 2299.95 934.367 456.848
internal_count=673831 637969 35862 233748 33685 39235 194513 26340 156856 2177 404221 14435 95261 93583
is_linear=0
shrinkage=0.05


Tree=39
num_leaves=15
num_cat=0
split_feature=1 1 1 3 19 13 5 13 8 1 13 9 5 18
split_gain=1152.7 219.286 185.877 102.169 64.8625 62.2572 61.1422 56.029 47.1987 40.9488 38.1645 33.6279 31.2132 30.8789
threshold=0.020987635478377346 0.0076046728063374766 0.03201024420559407 0.96601364016532909 0.44430501759052282 0.89736840128898632 6.1446294784545907 0.17424242943525317 1.0000000180025095e-35 0.032654678449034698 0.97368422150611889 0.85728305578231823 2.9309395551681523 0.86864644289016735
decision_type=2 2 2 2 2 2 2 2 2 2 2 2 2 2
left_child=1 10 4 5 13 7 -5 11 -8 -4 -1 -3 -6 -2
right_child=2 3 9 6 12 -7 8 -9 -10 -11 -12 -13 -14 -15
leaf_value=-0.042415152451454996 -0.0025046276984131265 -0.022648994074965741 0.02712402511919329 0.010011849013949359 0.016530187174905984 -0.0061370086316761717 0.012215601220267889 -0.043985391584775275 -0.040530290707115522 0.047580400756356986 -0.023908645148282837 0.003613874853499028 -0.0068042198935546003 0.026248975892716683
leaf_weight=871.84019805003481 931.28206533828052 775.6116678325634 790.3159343295265 664.71532066960935 2458.4481087673921 719.65365905547515 61.935473016055766 286.35486052877968 117.60917180751858 377.58643911048421 445.75466539192712 142.94225570108392 149.54870880977251 98.716375943855383
leaf_count=310638 14921 85538 1383 15660 16344 37657 1824 61595 21751 794 93583 9723 1782 638
internal_value=-2.71256e-11 -0.0195098 0.0165921 -0.011484 0.0109929 -0.017832 0.00300657 -0.0247628 -0.0224971 0.0339123 -0.0362683 -0.0185646 0.0151817 0.000364649
internal_weight=8892.31 4086.42 4805.9 2768.82 3638 1924.56 844.26 1204.91 179.545 1167.9 1317.59 918.554 2608 1030
internal_count=673831 637969 35862 233748 33685 194513 39235 156856 23575 2177 404221 95261 18126 15559
is_linear=0
shrinkage=0.05


Tree=40
num_leaves=15
num_cat=0
split_feature=0 1 1 19 13 13 13 5 8 1 13 2 3 5
split_gain=1077.41 202.005 181.592 93.8858 65.9307 58.3183 160.897 48.5428 44.6245 40.1027 37.3671 36.9947 35.4165 30.6238
threshold=0.014389234129339458 0.0076046728063374766 0.03201024420559407 0.79454472661018383 0.97368422150611889 0.97368422150611889 0.20714285969734195 6.1446294784545907 1.0000000180025095e-35 0.032654678449034698 0.97368422150611889 5.3607366085052499 0.96601364016532909 4.9814283847808847
decision_type=2 2 2 2 2 2 2 2 2 2 2 2 2 2
left_child=1 10 5 4 11 6 12 -5 -9 -4 -1 -3 -2 -12
right_child=2 3 9 7 -6 -7 -8 8 -10 -11 13 -13 -14 -15
leaf_value=-0.04197531677999105 0.0026268211920358253 -0.034094782785143628 0.026570927463495177 0.011304192494178337 -0.0058089174609549168 0.017193589038728054 -0.036075295271849016 0.013794054404444166 -0.038372137885020211 0.047193433448662961 -0.014164954754464613 -0.016089351930764134 0.016786172471369262 -0.042844752252932633
leaf_weight=837.99354477618181 908.60655162076 549.43437294923933 777.42910843290156 541.84524317411706 775.254519685579 1702.6526291133487 212.12338590750005 62.036120013799518 104.98918980947929 359.57730535260634 301.95980149024399 623.6093691601418 858.37342223559972 135.48824137484189
leaf_count=310638 10398 95111 1383 15547 40254 9180 5805 1770 20787 794 33928 64673 3908 59655
internal_value=1.29232e-10 -0.0194067 0.0158416 -0.0115184 -0.0171759 0.0104212 0.00456621 0.0040425 -0.0191589 0.0332708 -0.0357316 -0.0246317 0.00953319 -0.0234316
internal_weight=8751.37 3932.61 4818.76 2657.17 1948.3 3681.76 1979.1 708.871 167.025 1137.01 1275.44 1173.04 1766.98 437.448
internal_count=673831 642363 31468 238142 200038 29291 20111 38104 22557 2177 404221 159784 14306 93583
is_linear=0
shrinkage=0.05


Tree=41
num_leaves=15
num_cat=0
split_feature=1 1 1 3 1 19 11 13 2 13 13 5 8 5
split_gain=1014.01 223.123 126.996 86.2397 61.9735 56.6022 44.6534 36.2673 35.5583 34.9556 31.9674 30.4907 42.1953 28.677
threshold=0.016123023815453056 0.031269090250134475 0.0076046728063374766 0.96601364016532909 0.032654678449034698 0.63029590249061596 0.010811126790940763 0.97368422150611889 5.3607366085052499 0.89736840128898632 0.17424242943525317 5.3525319099426278 1.0000000180025095e-35 5.3525319099426278
decision_type=2 2 2 2 2 2 2 2 2 2 2 2 2 2
left_child=2 3 7 6 -3 9 8 -1 -2 10 -4 -7 -13 -9
right_child=1 4 5 -5 -6 11 -8 13 -10 -11 -12 12 -14 -15
leaf_value=-0.041528303763329916 -0.043591351373117371 0.022885904103190833 -0.020589291150554093 0.014913248203654049 0.046788203525141465 0.0054292592973150958 0.0034687085932238182 -0.014641798927010626 -0.0075017157340471832 -0.0092193126114195143 -0.043543027619601091 0.011893611701004048 -0.036518879478081849 -0.043637972097940861
leaf_weight=807.24163578437583 77.530336229188833 1388.7392849919852 606.66615502534842 1586.3120254837559 342.10565686461632 423.67961979968823 1694.3378363240627 310.83833400340518 414.11260251523345 450.7861307215353 208.76665796793532 68.608912814757787 115.75526519023697 117.72859916831658
leaf_count=310638 6254 2973 81437 12088 794 13428 27184 35352 14909 28843 54322 2272 25106 58231
internal_value=1.22832e-10 0.012894 -0.0227994 0.00605843 0.0277314 -0.0145327 -0.00038666 -0.0352279 -0.0135745 -0.0205345 -0.0266954 -0.0019688 -0.0186644 -0.0230185
internal_weight=8613.21 5503.14 3110.07 3772.29 1730.84 1874.26 2185.98 1235.81 491.643 1266.22 815.433 608.044 184.364 428.567
internal_count=673831 64202 609629 60435 3767 205408 48347 404221 21163 164602 135759 40806 27378 93583
is_linear=0
shrinkage=0.05


Tree=42
num_leaves=15
num_cat=0
split_feature=1 1 0 3 1 13 5 13 19 8 13 9 5 19
split_gain=944.174 186.97 163.825 89.1971 74.0688 51.735 50.4265 47.6263 39.5312 39.354 35.1969 28.8701 27.2506 26.6913
threshold=0.020987635478377346 0.0076046728063374766 0.016001024283468727 0.96601364016532909 0.032654678449034698 0.89736840128898632 6.1446294784545907 0.17424242943525317 0.54836502671241771 1.0000000180025095e-35 0.97368422150611889 0.86276519298553478 6.2071914672851571 0.52855011820793163
decision_type=2 2 2 2 2 2 2 2 2 2 2 2 2 2
left_child=1 10 8 5 -4 7 -5 11 -2 -8 13 -3 -12 -1
right_child=2 3 4 6 -6 -7 9 -9 -10 -11 12 -13 -14 -15
leaf_value=-0.046005743720773283 -0.0019669822106213814 -0.021073500091628936 0.020700777328780617 0.0090954304862162112 0.046377719135872124 -0.0062341901245923509 0.0098262933387594197 -0.042250402596434602 0.011433542910753811 -0.03897208343493367 -0.015004217742608964 0.0069593347508274256 -0.044920736129071312 -0.022516636962707857
leaf_weight=605.13651220186148 996.9299964972306 771.41471043763158 2076.7782673839247 655.7411852346122 325.63172451037099 700.8667116239958 62.874075197963975 259.97003322979435 1220.0738884445163 106.74932868579344 319.88637080838089 101.74904533577501 99.24730927652854 170.17334435133671
leaf_count=242748 18600 88409 5688 15660 794 37657 1824 61595 10780 21751 41838 6852 51745 67890
internal_value=7.21578e-11 -0.0182607 0.0152375 -0.0108442 0.0242702 -0.0169736 0.00279585 -0.0235596 0.0054168 -0.0211206 -0.0346591 -0.0177858 -0.0225342 -0.0410274
internal_weight=8473.22 3853.81 4619.41 2659.37 2402.41 1834 825.365 1133.13 2217 169.623 1194.44 873.164 419.134 775.31
internal_count=673831 637969 35862 233748 6482 194513 39235 156856 29380 23575 404221 95261 93583 310638
is_linear=0
shrinkage=0.05


Tree=43
num_leaves=15
num_cat=0
split_feature=0 1 1 19 5 8 13 13 5 19 19 19 13 1
split_gain=887.281 198.293 134.688 63.7271 141.294 83.3027 57.1052 57.5957 46.393 44.3341 43.04 40.0324 39.8063 37.2034
threshold=0.014815627597272398 0.012048386037349703 0.03201024420559407 0.39294137060642248 5.3525319099426278 1.0000000180025095e-35 0.97368422150611889 0.20714285969734195 3.1641012430191044 0.81590971350669872 0.48524045944213873 0.30176711082458502 0.97368422150611889 0.032654678449034698
decision_type=2 2 2 2 2 2 2 2 2 2 2 2 2 2
left_child=1 3 8 12 9 -6 7 11 10 -5 -2 -3 -1 -4
right_child=2 6 13 4 5 -7 -8 -9 -10 -11 -12 -13 -14 -15
leaf_value=-0.040998091788249535 0.003181185993610744 -0.024598570431167744 0.024940987967689676 -0.0074602247408143462 0.011447795607580883 -0.049669739728847848 0.0033067645630653862 -0.036895832248363382 -0.022338744985185705 0.028048785052347081 0.015776292958700835 -0.0014776202016361817 -0.021325582277949274 0.045954754655486409
leaf_weight=859.17986994519742 994.69893845589831 255.4040960946877 744.12653394334484 237.91245737571444 66.599660824940656 291.99877040387946 923.73474273376632 207.76316519531247 98.288465037621791 133.03841107177141 2147.6092721102759 668.63438879285241 393.72274313261732 309.83473353329464
leaf_count=298460 10729 20846 1383 48047 15026 127060 28052 23999 1513 10497 10439 26941 50045 794
internal_value=3.02837e-11 -0.0168156 0.0158121 -0.0280788 -0.0161631 -0.0383175 -0.00591104 -0.0134157 0.0107324 0.00547845 0.0118007 -0.00796624 -0.0349254 0.0313063
internal_weight=8332.55 4037.99 4294.56 1982.45 729.549 358.598 2055.54 1131.8 3240.6 370.951 3142.31 924.038 1252.9 1053.96
internal_count=673831 648973 24858 549135 200630 142086 99838 71786 22681 58544 21168 47787 348505 2177
is_linear=0
shrinkage=0.05


Tree=44
num_leaves=15
num_cat=0
split_feature=1 1 1 1 3 19 5 8 19 5 8 13 13 13
split_gain=828.289 184.435 111.229 77.1414 62.3804 49.6227 40.0911 44.4483 35.5476 113.897 38.3426 34.4301 33.3393 29.8548
threshold=0.016123023815453056 0.029561491683125499 0.0066007319837808618 0.032654678449034698 0.96601364016532909 0.63029590249061596 5.3525319099426278 1.0000000180025095e-35 0.44430501759052282 4.0109407901763925 1.0000000180025095e-35 0.89736840128898632 0.18465909361839297 0.97368422150611889
decision_type=2 2 2 2 2 2 2 2 2 2 2 2 2 2
left_child=2 4 8 -3 13 11 -7 -8 -1 -10 -11 12 -4 -2
right_child=1 3 5 -5 -6 6 7 -9 9 10 -12 -13 -14 -15
leaf_value=-0.041991164226370031 -0.0090835712257601644 0.018351246102915299 -0.019975044424400814 0.045551807777580278 0.012220372186152391 0.0056594833514509862 0.010148180909216403 -0.038534292380698693 0.031162554709134489 0.014073985550316715 -0.046452163868101803 -0.0093288867732200954 -0.042945396480295821 0.0041937552678398523
leaf_weight=652.66926728851104 926.11017558773165 2202.340461031592 630.61989303848532 294.62989175115945 1096.2529942404362 429.9999356844346 70.211098676081747 126.32526967662852 75.202166979332105 27.897615377150942 190.1217800230952 492.95884951844346 216.69494060928992 772.31936830776976
leaf_count=230152 32084 6821 102901 794 10561 15487 3063 36238 17209 11414 88413 36320 68432 13942
internal_value=2.60451e-10 0.011784 -0.0213922 0.0216454 0.00295026 -0.0145542 -0.00290624 -0.0213226 -0.0354592 -0.0204597 -0.0385654 -0.0199682 -0.026067 -0.00305144
internal_weight=8204.35 5291.65 2912.7 2496.97 2794.68 1966.81 626.536 196.536 945.891 293.222 218.019 1340.27 847.315 1698.43
internal_count=673831 64202 609629 7615 56587 262441 54788 39301 347188 117036 99827 207653 171333 46026
is_linear=0
shrinkage=0.05


Tree=45
num_leaves=15
num_cat=0
split_feature=1 1 0 3 1 5 13 13 8 19 19 5 8 9
split_gain=770.356 155.179 136.415 79.4626 66.194 55.9416 48.9529 49.6507 42.3928 35.1114 33.1546 95.9457 36.4972 24.3379
threshold=0.020987635478377346 0.0066007319837808618 0.016001024283468727 0.96601364016532909 0.032654678449034698 6.1446294784545907 0.89736840128898632 0.20714285969734195 1.0000000180025095e-35 0.54836502671241771 0.44430501759052282 4.0109407901763925 1.0000000180025095e-35 0.82636123895645153
decision_type=2 2 2 2 2 2 2 2 2 2 2 2 2 2
left_child=1 10 9 6 -4 -5 7 -3 -7 -2 -1 13 -13 -12
right_child=2 3 4 5 -6 8 -8 -9 -10 -11 11 12 -14 -15
leaf_value=-0.041479011046997437 -0.0021832677946629973 -0.01733585688988919 0.019174306733150709 0.0085408531835774112 0.045104529573228462 0.0095373546140373883 -0.0065266516849849356 -0.0421411226171911 -0.04034882313027302 0.010633013124522769 -0.017477164112095264 0.012959547921440665 -0.045890359044656159 0.041482015129808751
leaf_weight=620.18924690080166 964.16474045690848 893.31201782319113 2007.5616986552486 655.86434512144479 280.27318628117791 63.738563504462945 728.01660572770197 262.39783458213788 114.17911230130994 1189.8926646511536 21.048576383604086 28.450911441948847 181.38910299026611 57.578759365031146
leaf_count=230152 18600 118260 5688 18299 794 2399 45776 75390 30657 10780 7727 11414 88413 9482
internal_value=-2.15089e-10 -0.0170871 0.0139527 -0.0110686 0.0224423 0.00177781 -0.0167444 -0.023125 -0.022705 0.00490462 -0.0349273 -0.0203747 -0.0377954 0.0255973
internal_weight=8068.06 3626.17 4441.89 2717.51 2287.83 833.782 1883.73 1155.71 177.918 2154.06 908.657 288.467 209.84 78.6273
internal_count=673831 637969 35862 290781 6482 51355 239426 193650 33056 29380 347188 117036 99827 17209
is_linear=0
shrinkage=0.05


Tree=46
num_leaves=15
num_cat=0
split_feature=0 1 1 19 5 13 8 13 13 5 13 13 19 1
split_gain=719.266 161.989 115.545 59.8039 104.743 50.0633 48.1358 47.6925 49.1665 43.8738 39.1647 132.037 35.6305 33.7192
threshold=0.014815627597272398 0.012048386037349703 0.03201024420559407 0.81896421313285839 4.9814283847808847 0.97368422150611889 1.0000000180025095e-35 0.97368422150611889 0.20714285969734195 3.1641012430191044 0.97368422150611889 0.20714285969734195 0.30176711082458502 0.032654678449034698
decision_type=2 2 2 2 2 2 2 2 2 2 2 2 2 2
left_child=1 3 9 5 -5 -1 -6 8 12 10 11 -2 -3 -4
right_child=2 7 13 4 6 -7 -8 -9 -10 -11 -12 -13 -14 -15
leaf_value=-0.036913961036758029 0.010323376791543354 -0.023850133551356484 0.023433387388985441 0.030698066644313533 0.015621471369757708 -0.017555285224899943 -0.043309946197328558 0.00272974625252069 -0.035319647226209838 -0.022784640005168881 0.016858775085736268 -0.036005146371876851 -0.0015681849065863397 0.044630189443139477
leaf_weight=1005.2712374779003 1465.7217493194621 243.31181739806198 715.02038766921032 115.42632907959342 42.927915710388334 521.78341809244012 137.23312231124874 902.0821263793332 193.65791441939655 95.866614285157993 1421.8851893494721 166.84207516082097 649.47346816363279 266.54410072200699
leaf_count=377457 10285 20846 1383 8342 6975 85519 70842 28052 23999 1513 6854 4029 26941 794
internal_value=1.10759e-11 -0.0156556 0.0144419 -0.0264031 -0.00570399 -0.0303781 -0.0292254 -0.00576317 -0.0127951 0.00974639 0.010803 0.00549329 -0.00773972 0.0293864
internal_weight=7943.05 3811.17 4131.88 1822.64 295.587 1527.05 180.161 1988.53 1086.44 3150.32 3054.45 1632.56 892.785 981.564
internal_count=673831 648973 24858 549135 86159 462976 77817 99838 71786 22681 21168 14314 47787 2177
is_linear=0
shrinkage=0.05


Tree=47
num_leaves=15
num_cat=0
split_feature=1 1 1 19 5 8 19 3 13 19 11 13 9 13
split_gain=680.721 181.37 89.0781 58.8331 125.843 69.2636 48.9811 44.8259 38.8525 33.5017 31.6369 31.0336 33.1871 23.1576
threshold=0.025095695629715923 0.012048386037349703 0.032654678449034698 0.39294137060642248 5.3525319099426278 1.0000000180025095e-35 0.65897127985954296 0.96601364016532909 0.97368422150611889 0.81590971350669872 0.015504807699471714 0.89736840128898632 0.85728305578231823 0.20714285969734195
decision_type=2 2 2 2 2 2 2 2 2 2 2 2 2 2
left_child=1 3 6 8 9 -6 10 11 -1 -5 -2 12 13 -3
right_child=2 7 -4 4 5 -7 -8 -9 -10 -11 -12 -13 -14 -15
leaf_value=-0.039307931578962091 -0.0011775235450096247 -0.016127274846014564 0.044185865106691022 -0.0057450923913071137 0.0078105193721474389 -0.048866267965564661 0.018740073554654759 0.0043465350535031796 -0.018719760520954472 0.025206638339529415 0.013789273714569448 -0.0016282212082531198 0.0031680707064010525 -0.039260511994410538
leaf_weight=754.09356959181605 687.41147427208489 577.16262868896592 253.65895991427533 225.73908886691788 66.91415702496306 247.86754461789678 1969.7636967971921 864.56122827800573 349.95292347860232 136.25272442995629 719.39759943436366 665.17189758823952 180.75204643493635 133.94096629851265
leaf_count=298460 8364 35829 794 48047 15026 127060 7607 18984 50045 10497 3030 21118 7706 21264
internal_value=-8.27817e-11 -0.0136925 0.0158476 -0.0257826 -0.0140224 -0.0368846 0.0136566 -0.00476666 -0.0328959 0.00608975 0.00649775 -0.0098246 -0.0158945 -0.0207283
internal_weight=7832.64 4202.41 3630.23 1780.82 676.774 314.782 3376.57 2421.59 1104.05 361.992 1406.81 1557.03 891.856 711.104
internal_count=673831 654036 19795 549135 200630 142086 19001 104901 348505 58544 11394 85917 64799 57093
is_linear=0
shrinkage=0.05


Tree=48
num_leaves=15
num_cat=0
split_feature=1 1 0 3 1 5 11 8 13 13 13 13 19 5
split_gain=631.788 133.914 115.484 69.0948 57.0947 44.8347 44.15 39.5927 33.7147 51.5862 31.5942 30.0351 29.4125 87.2697
threshold=0.020987635478377346 0.0066007319837808618 0.016001024283468727 0.96601364016532909 0.032654678449034698 6.1446294784545907 0.013245614245533945 1.0000000180025095e-35 0.97368422150611889 0.37980769574642187 0.97368422150611889 0.20714285969734195 0.44430501759052282 4.0109407901763925
decision_type=2 2 2 2 2 2 2 2 2 2 2 2 2 2
left_child=1 12 8 6 -4 -5 10 -7 9 -2 11 -3 -1 -14
right_child=2 3 4 5 -6 7 -8 -9 -10 -11 -12 -13 13 -15
leaf_value=-0.039953143761940507 0.0023435296357720752 -0.020054295819316184 0.017943631117083705 0.0077230513746826216 0.043701487437988566 0.0096254235413937711 0.0002940963745204595 -0.039032861737377821 0.011036256461077395 -0.03109913851747801 -0.010287682335364808 -0.04183526898155137 0.024409418296501489 -0.03710124066871389
leaf_weight=559.85851843255659 967.70607877773 669.55422217553132 1934.4621483330848 647.50538008968579 241.13953090774885 64.64196640123555 343.96280245709931 105.32777247112972 1004.5453123569605 125.83482704270864 568.01676732011401 213.61439092575893 77.560291799687548 191.61656918000517
leaf_count=230152 14103 112164 5688 18299 794 2399 11789 30657 10309 4968 43086 72387 17209 99827
internal_value=-9.36502e-11 -0.0159314 0.0128334 -0.0103386 0.0208922 0.00170614 -0.0158131 -0.0207812 0.00444695 -0.00162878 -0.0196187 -0.0255284 -0.0333887 -0.0192557
internal_weight=7715.35 3441.66 4273.69 2612.62 2175.6 817.475 1795.15 169.97 2098.09 1093.54 1451.19 883.169 829.035 269.177
internal_count=673831 637969 35862 290781 6482 51355 239426 33056 29380 19071 227637 184551 347188 117036
is_linear=0
shrinkage=0.05


Tree=49
num_leaves=15
num_cat=0
split_feature=1 0 3 1 13 9 3 5 19 8 13 13 13 13
split_gain=593.433 164.255 79.4101 78.1866 42.9779 52.6932 42.9324 42.016 109.301 43.1364 33.4518 28.0368 47.7126 26.9448
threshold=0.02551018446683884 0.0076046728063374766 0.96601364016532909 0.032654678449034698 0.89736840128898632 0.85728305578231823 0.91492921113967907 5.6855499744415292 0.52855011820793163 1.0000000180025095e-35 0.97368422150611889 0.97368422150611889 0.20714285969734195 0.20714285969734195
decision_type=2 2 2 2 2 2 2 2 2 2 2 2 2 2
left_child=1 7 4 6 5 13 11 8 10 -9 -1 12 -2 -3
right_child=3 2 -4 -5 -6 -7 -8 9 -10 -11 -12 -13 -14 -15
leaf_value=-0.03973746198645061 0.0052710439689548898 -0.018442417177934524 0.0052282099964309145 0.043212503055828785 -0.0033271490586879275 0.004771947461312806 0.018562494995074102 -0.0069234709926814216 0.015209852578735319 -0.052032198888109366 -0.015966666859425164 0.013882248527522269 -0.030478616696769309 -0.038761325488897387
leaf_weight=414.60884019758669 652.98683929536492 783.33611052851484 966.92844487693947 229.51237520431459 821.8286873070756 205.49309755547438 1737.7831696459907 67.388106106503983 154.38765558318846 276.06979777517699 244.58880507313006 736.68165491573745 103.75874149869196 210.91514800156438
leaf_count=211770 5257 83337 32187 794 36094 12312 6348 20139 23160 146716 34211 4140 1921 55445
internal_value=9.5159e-11 -0.0127535 -0.00653852 0.0152736 -0.0121656 -0.0181811 0.0132254 -0.0287088 -0.0222763 -0.043408 -0.0311041 0.00697376 0.00020146 -0.0229251
internal_weight=7606.27 4145.54 2988.5 3460.72 2021.57 1199.74 3231.21 1157.04 813.585 343.458 659.198 1493.43 756.746 994.251
internal_count=673831 655371 219375 18460 187188 151094 17666 435996 269141 166855 245981 11318 7178 138782
is_linear=0
shrinkage=0.05


Tree=50
num_leaves=15
num_cat=0
split_feature=1 1 1 19 1 19 13 19 5 11 3 5 8 5
split_gain=556.988 140.868 80.0873 63.5667 40.4444 38.3992 30.1364 26.1624 53.9091 26.1577 29.5971 25.0196 32.3262 24.3804
threshold=0.016123023815453056 0.031269090250134475 0.0066007319837808618 0.6492956578731538 0.032654678449034698 0.79454472661018383 0.97368422150611889 0.52855011820793163 5.6855499744415292 0.014815627597272398 0.19173483550548556 5.3525319099426278 1.0000000180025095e-35 7.1644146442413339
decision_type=2 2 2 2 2 2 2 2 2 2 2 2 2 2
left_child=2 3 6 9 -3 -4 7 -1 -9 10 -2 -7 -13 -5
right_child=1 4 5 13 -6 11 -8 8 -10 -11 -12 12 -14 -15
leaf_value=-0.046011043516116346 -0.034686071015883849 0.019274439998098764 -0.017344111634461347 0.012162763730425649 0.042695733145558704 0.0069658339297031082 -0.018539496359726484 0.033413782076827402 -0.037995216929775831 0.0054747474412555003 -0.0043977900044747525 0.010171082889563027 -0.035334548266191805 -0.042209885358171946
leaf_weight=378.86983276234969 82.723605903389398 1229.5223993058898 1315.304000532371 1627.330313332699 218.30847123818239 327.62322413094807 280.7896269472476 32.487093355375691 88.310978047709796 705.94772935291985 1036.0615476559033 62.449099959325395 91.587387123938242 16.10931919538416
leaf_count=208952 5757 2973 217806 14017 794 10335 80372 10751 47113 6165 33772 2498 31802 724
internal_value=-1.31828e-10 0.00986847 -0.0188051 0.00438611 0.0229408 -0.0129355 -0.0321512 -0.0395409 -0.0182259 -0.00203795 -0.00678169 -0.000842156 -0.017146 0.0115034
internal_weight=7493.42 4916 2577.42 3468.17 1447.83 1796.96 780.458 499.668 120.798 1824.73 1118.79 481.66 154.036 1643.44
internal_count=673831 64202 609629 60435 3767 262441 347188 266816 57864 45694 39529 44635 34300 14741
is_linear=0
shrinkage=0.05


Tree=51
num_leaves=15
num_cat=0
split_feature=1 1 1 3 19 5 8 11 19 5 8 5 13 13
split_gain=524.877 110.087 100.227 59.3947 47.638 37.6999 50.369 37.2837 29.4791 77.0215 32.7642 28.6051 27.347 27.2683
threshold=0.020987635478377346 0.0066007319837808618 0.03201024420559407 0.96601364016532909 0.65897127985954296 5.1900949478149423 1.0000000180025095e-35 0.013245614245533945 0.44430501759052282 4.0109407901763925 1.0000000180025095e-35 2.4836850166320805 0.97368422150611889 0.20714285969734195
decision_type=2 2 2 2 2 2 2 2 2 2 2 2 2 2
left_child=1 8 4 7 -2 -5 -7 12 -1 -10 -11 -9 13 -3
right_child=2 3 -4 5 -6 6 -8 11 9 10 -12 -13 -14 -15
leaf_value=-0.038507822317666751 0.0016002497712991272 -0.019108164667755903 0.026914680814104527 0.0078621880995937803 0.013696817987894251 0.014192443790115215 -0.0355465584889244 0.0055875480110929888 0.023173352668569808 0.012501515413352777 -0.044642992392332097 -0.036721932093718733 -0.0098977281116054347 -0.040658793596096185
leaf_weight=507.92622427983588 1586.6558248548536 639.06515151195345 868.08445389798726 590.05616054336133 1669.3594652052852 78.890084864586242 128.04617176401371 293.20174543568282 78.083354894028162 27.84066525741946 145.08371930179419 41.129067925648997 550.61209557035181 195.916779240295
leaf_count=230152 23542 112164 2177 14005 10143 2759 34591 9606 17209 11414 88413 2183 43086 72387
internal_value=2.5218e-10 -0.0149288 0.011862 -0.00985887 0.00781365 0.0014211 -0.0166971 -0.0150748 -0.0315681 -0.0170476 -0.03535 -8.17254e-05 -0.0186792 -0.0243766
internal_weight=7399.95 3275.85 4124.1 2516.92 3256.02 796.992 206.936 1719.92 758.934 251.008 172.924 334.331 1385.59 834.982
internal_count=673831 637969 35862 290781 33685 51355 37350 239426 347188 117036 99827 11789 227637 184551
is_linear=0
shrinkage=0.05


Tree=52
num_leaves=15
num_cat=0
split_feature=1 1 11 19 5 8 13 1 3 3 9 18 13 13
split_gain=491.29 132.589 75.95 54.5878 101.128 64.7278 39.5266 36.8285 35.9487 29.0127 27.2312 23.7675 24.1128 20.5077
threshold=0.025095695629715923 0.011905506253242494 0.015749008394777778 0.39294137060642248 5.3525319099426278 1.0000000180025095e-35 0.76696833968162548 0.032654678449034698 0.96601364016532909 0.3656535297632218 0.8302971124649049 0.84237462282180797 0.89736840128898632 0.4083333313465119
decision_type=2 2 2 2 2 2 2 2 2 2 2 2 2 2
left_child=1 3 9 6 10 -6 -1 -4 11 -2 -5 12 13 -3
right_child=2 8 7 4 5 -7 -8 -9 -10 -11 -12 -13 -14 -15
leaf_value=-0.038299664974412999 -0.01236456078633885 -0.015709792000923022 0.018793535008390091 -0.01074219556614235 0.0091642610180507119 -0.047940032436160462 -0.016651619467649315 0.04175455892490397 0.0036930363344074451 0.0088991301245608442 0.017607198478090832 0.00014165791458998583 -0.00410647512919956 -0.041620512864588462
leaf_weight=619.8220139560508 173.13521865173243 515.39255455364764 1383.1012895617168 136.53398792832741 63.349093893964891 202.38473533740034 336.78080653124198 200.68798240255273 841.29623942586477 1661.9645066491794 207.52074026883201 465.43882892632973 413.05044240519055 88.51045398482529
leaf_count=287452 2790 35838 4410 29534 14968 126552 59102 794 19598 11801 28340 21026 14141 17485
internal_value=-8.51137e-11 -0.0121455 0.013817 -0.0233652 -0.0115392 -0.0344089 -0.0308045 0.0218253 -0.00454843 0.00686483 0.00636436 -0.00922237 -0.0134878 -0.019818
internal_weight=7308.97 3890.08 3418.89 1566.39 609.789 265.734 956.603 1583.79 2323.69 1835.1 344.055 1482.39 1016.95 603.903
internal_count=673831 654036 19795 545948 199394 141520 346554 5204 108088 14591 57874 88490 67464 53323
is_linear=0
shrinkage=0.05


Tree=53
num_leaves=15
num_cat=0
split_feature=1 1 19 5 8 3 5 13 13 1 1 3 18 13
split_gain=460.312 122.886 71.9707 61.2418 95.6147 57.8173 52.5368 43.5501 42.8883 39.3243 32.5357 29.348 24.1572 28.4044
threshold=0.016123023815453056 0.030724193900823597 0.63029590249061596 4.1796958446502694 1.0000000180025095e-35 0.96601364016532909 5.7895598411560067 0.89736840128898632 0.18465909361839297 0.032654678449034698 0.0080655650235712546 0.40403127670288091 0.85060045123100292 0.97368422150611889
decision_type=2 2 2 2 2 2 2 2 2 2 2 2 2 2
left_child=2 5 6 10 -5 12 7 8 11 -3 -4 -1 13 -2
right_child=1 9 3 4 -6 -7 -8 -9 -10 -11 -12 -13 -14 -15
leaf_value=-0.025956696227157135 -0.013609320260903125 0.017138949850351304 0.041295021142003493 0.017795418112190129 -0.037943442854543874 0.011258753928660237 -0.048210623441712314 -0.0092223921301000985 -0.043685945356960021 0.041215216564584128 0.0025833279453373291 -0.0023901700353420657 0.005387395077175363 0.0018965851311817036
leaf_weight=498.33293401471019 661.61910892557353 1468.5127688066859 59.969466365510016 110.75246565701673 230.09928161641437 1286.1188556840061 184.3962829967204 587.66494670175598 264.52855904719036 191.07454772475467 334.69758263509721 180.59096417424735 620.25936751088011 528.33713479322614
leaf_count=153757 26590 4271 8069 11059 103282 11509 84137 58380 140565 794 11124 39256 11266 9772
internal_value=-1.08858e-10 0.00906965 -0.0175812 -0.00445653 -0.0198369 0.00317418 -0.023179 -0.0200173 -0.0266572 0.0200264 0.00890858 -0.0197514 -0.00258492 -0.00674561
internal_weight=7206.95 4755.92 2451.03 735.519 340.852 3096.33 1715.51 1531.12 943.452 1659.59 394.667 678.924 1810.22 1189.96
internal_count=673831 64202 609629 133534 114341 59137 476095 391958 333578 5065 19193 193013 47628 36362
is_linear=0
shrinkage=0.05


Tree=54
num_leaves=15
num_cat=0
split_feature=1 1 1 3 13 13 5 8 19 19 5 8 9 13
split_gain=433.49 116.819 64.7548 59.7283 38.3764 40.6172 37.6588 43.7114 32.2796 30.3684 65.1171 31.593 25.9924 25.0241
threshold=0.025095695629715923 0.0066007319837808618 0.03201024420559407 0.96601364016532909 0.97368422150611889 0.18465909361839297 5.3525319099426278 1.0000000180025095e-35 0.70942485332489025 0.44430501759052282 4.0109407901763925 1.0000000180025095e-35 0.8421333134174348 0.97368422150611889
decision_type=2 2 2 2 2 2 2 2 2 2 2 2 2 2
left_child=1 9 8 4 5 12 -5 -8 -2 13 -11 -12 -3 -1
right_child=2 3 -4 6 -6 -7 7 -9 -10 10 11 -13 -14 -15
leaf_value=-0.045668230560174022 0.0032424445265462135 -0.019188529110138686 0.025407536144098741 0.0074555093401092081 -0.0040665129276463534 -0.035974865555006251 0.012289132657324592 -0.034535778718197366 0.014583869585990851 0.020740694397576385 0.011079048861755016 -0.043416156368527234 -0.0020124173966197052 -0.020266752766892979
leaf_weight=305.93404454443225 1206.867547104368 624.86035307886777 811.35794280823029 809.16165706401807 859.25554128691147 244.24944892321946 78.265778125365614 122.97262521635639 1309.8951957061654 80.983363081948482 30.859672391554341 130.9810841943181 340.67016147641698 159.55774497729726
leaf_count=194305 11460 92344 2177 17114 49577 79337 2700 34422 6158 17209 11414 88413 31354 35847
internal_value=-1.74588e-11 -0.0115608 0.013155 -0.00732365 -0.0121806 -0.0179032 0.00263307 -0.0164682 0.00916251 -0.0298016 -0.0150233 -0.0330044 -0.0131698 -0.0372692
internal_weight=7115.87 3787.75 3328.12 3079.44 2069.04 1209.78 1010.4 201.238 2516.76 708.316 242.824 161.841 965.531 465.492
internal_count=673831 654036 19795 306848 252612 203035 54236 37122 17618 347188 117036 99827 123698 230152
is_linear=0
shrinkage=0.05


Tree=55
num_leaves=15
num_cat=0
split_feature=0 19 5 8 1 13 12 11 5 19 19 11 13 13
split_gain=408.267 116.486 98.9713 88.7674 73.5321 62.1046 39.801 37.9603 35.8283 32.5935 26.0547 24.1284 21.4949 88.3931
threshold=0.014815627597272398 0.30431982874870306 6.1446294784545907 1.0000000180025095e-35 0.03201024420559407 0.89736840128898632 0.26785714924335485 0.0055096838623285302 2.973994374275208 0.48524045944213873 0.80026847124099743 0.010582306887954475 0.97368422150611889 1.0000000180025095e-35
decision_type=2 2 2 2 2 2 2 2 2 2 2 2 2 2
left_child=1 5 6 -4 8 7 -3 -1 9 -2 -8 -7 13 -11
right_child=4 2 3 -5 -6 11 10 -9 -10 12 -12 -13 -14 -15
leaf_value=-0.046088845628519066 0.0009213365667926686 -0.0079456189546791758 0.0078596065239464209 -0.04550131289242592 0.02485452964753862 -0.018745605959742073 -0.0011377264844831406 -0.023447168348389235 -0.016944207581653142 0.012332956572630414 0.016205638816819492 0.0040390571161146045 0.018104310978289434 -0.037662474407204022
leaf_weight=328.89149210717733 868.44853249486187 832.52601815795788 111.21999304415658 245.55138973768408 795.99848229480995 306.51439069633489 441.82279355917854 467.78251796884433 135.7976210002962 886.75079622928752 418.56578748180618 182.89045028277906 918.33677155949408 93.273466857033782
leaf_count=175593 10577 99507 16118 133829 2177 41826 40827 119118 1968 4741 16310 5845 3918 1477
internal_value=-5.26306e-11 -0.0126739 -0.00524939 -0.0289878 0.0114323 -0.0244406 -0.000176022 -0.0330235 0.00771497 0.00895365 0.00734444 -0.0102762 0.0126161 0.00740764
internal_weight=7034.37 3335.76 2049.69 356.771 3698.61 1286.08 1692.91 796.674 2902.61 2766.81 860.389 489.405 1898.36 980.024
internal_count=673831 648973 306591 149947 24858 342382 156644 294711 22681 20713 57137 47671 10136 6218
is_linear=0
shrinkage=0.05


Tree=56
num_leaves=15
num_cat=0
split_feature=1 19 0 18 5 8 1 1 13 13 1 5 3 11
split_gain=382.063 85.6094 84.8701 64.0919 55.7805 75.7335 51.5441 36.1691 29.2069 40.7789 20.1413 18.1474 19.4588 17.8744
threshold=0.020987635478377346 0.63991481065750133 0.016001024283468727 0.82607644796371471 5.3525319099426278 1.0000000180025095e-35 0.010000481735914947 0.032654678449034698 0.97368422150611889 0.37980769574642187 0.0098043931648135203 1.8831174969673159 0.91492921113967907 0.015749008394777778
decision_type=2 2 2 2 2 2 2 2 2 2 2 2 2 2
left_child=1 3 8 6 10 -6 -1 11 9 -2 -3 12 -4 -5
right_child=2 4 7 13 5 -7 -8 -9 -10 -11 -12 -13 -14 -15
leaf_value=-0.034572324749802895 0.00083279246579696497 0.025202758759582628 0.01117069693754476 -0.0095643837836281078 0.014688471512671178 -0.038064346680513395 -0.014915731880048345 0.0396498602559845 0.0093560206386248453 -0.03016744302823219 0.0026485645310163342 0.0075963317448585355 0.024099274954632884 0.014940694714758829
leaf_weight=717.03499074204592 915.55495030171005 114.6130377794907 506.12588880592375 616.76348143522773 102.19804207567358 186.32484655614826 644.04021338519669 169.86003901121148 955.14583444909658 114.95011080941185 583.17508429067675 514.03855130908778 731.07911719370168 80.005888416024391
leaf_count=321049 14103 14545 1885 109772 9836 99309 69247 794 10309 4968 13454 2015 1788 757
internal_value=9.96033e-11 -0.0132679 0.0103421 -0.0190611 -0.00114564 -0.0194468 -0.0253598 0.0178207 0.00307999 -0.00275417 0.00650608 0.0155966 0.0188766 -0.00666421
internal_weight=6950.91 3044.16 3906.75 2057.84 986.311 288.523 1361.08 1921.1 1985.65 1030.51 697.788 1751.24 1237.21 696.769
internal_count=673831 637969 35862 500825 137144 109145 390296 6482 29380 19071 27999 5688 3673 110529
is_linear=0
shrinkage=0.05


Tree=57
num_leaves=15
num_cat=0
split_feature=1 1 19 5 8 1 13 13 13 2 9 19 5 1
split_gain=362.822 107.313 57.2724 68.7558 76.5194 49.7111 35.272 34.3887 58.1523 31.1164 29.2041 28.3031 25.1419 17.9277
threshold=0.026391166262328628 0.01265845261514187 0.39294137060642248 5.3525319099426278 1.0000000180025095e-35 0.03201024420559407 0.76696833968162548 0.97368422150611889 0.20714285969734195 18.35639572143555 0.84173217415809642 0.44430501759052282 2.9309395551681523 0.032654678449034698
decision_type=2 2 2 2 2 2 2 2 2 2 2 2 2 2
left_child=1 2 6 10 -5 11 -1 8 9 -3 -4 -2 -13 -7
right_child=5 7 3 4 -6 13 -8 -9 -10 -11 -12 12 -14 -15
leaf_value=-0.03570391903820961 -0.00096436228990765091 -0.0074031963742345859 -0.0083748150574958647 0.0099254032767606189 -0.046368037804167928 0.019905813633707702 -0.014975133390587684 0.0035658134539031864 -0.034133881758554502 0.017572217542406149 0.018693786679992452 0.013719323132674358 -0.016416056742740055 0.039029454160314503
leaf_weight=575.75052930103993 509.53114892839221 965.65690277652175 203.45837087778636 87.481892250885721 179.35838208668429 591.59646285074996 334.94190958124091 1038.728750900118 185.7676924500629 138.28217810009664 186.42486881950026 1626.4154211701243 68.209029312478378 162.10275529301725
leaf_count=295211 4666 43336 39183 15250 128978 1383 60853 27224 22900 3052 22136 8247 618 794
internal_value=6.30651e-11 -0.0100187 -0.0201114 -0.00876161 -0.0280695 0.0131905 -0.0282035 -0.00319618 -0.00863502 -0.00420959 0.00464101 0.00936282 0.0124616 0.024249
internal_weight=6853.71 3895.85 1567.42 656.724 266.84 2957.85 910.692 2328.44 1289.71 1103.94 389.883 2204.16 1694.62 753.699
internal_count=673831 658123 561611 205547 144228 15708 356064 96512 69288 46388 61319 13531 8865 2177
is_linear=0
shrinkage=0.05


Tree=58
num_leaves=15
num_cat=0
split_feature=0 19 5 1 13 8 11 12 5 19 19 13 13 12
split_gain=337.495 104.55 82.734 64.5747 57.4272 46.8779 36.3219 34.5817 33.6567 32.8919 21.0808 20.9212 69.159 21.8259
threshold=0.014815627597272398 0.30431982874870306 6.5781385898590097 0.03201024420559407 0.89736840128898632 1.0000000180025095e-35 0.0054496317170560369 0.26785714924335485 3.1641012430191044 0.48524045944213873 0.80026847124099743 0.97368422150611889 1.0000000180025095e-35 0.77500000596046459
decision_type=2 2 2 2 2 2 2 2 2 2 2 2 2 2
left_child=1 4 7 8 6 -4 -1 -3 9 -2 -9 12 13 -11
right_child=3 2 5 -5 -6 -7 -8 10 -10 11 -12 -13 -14 -15
leaf_value=-0.045641906921941644 1.5033364175080994e-06 -0.0079947272930428678 0.0015392858331577256 0.02367507758364551 -0.0095434774561875043 -0.044304350392086023 -0.022559582810382089 -0.0015704695685409165 -0.022400360022814623 0.0080323697781875206 0.01372649415087576 0.017212071140323599 -0.03373552054214618 0.03246872835807884
leaf_weight=294.1085891224684 862.0392364897998 836.11700419557383 78.986750491632847 739.25459543449688 471.90893214091193 182.02433894886417 446.75368573293599 447.1283493129813 88.848883750353707 780.02414713491453 446.94382463501825 912.7994088542182 91.022111430444056 99.700090133177582
leaf_count=173723 10729 109657 12315 2177 47671 113388 120988 46573 1513 4546 24658 4033 1519 341
internal_value=3.27934e-10 -0.011774 -0.00470277 0.0105576 -0.0233169 -0.0306631 -0.0319674 -0.000709404 0.00710071 0.00809437 0.00611024 0.0117884 0.00662644 0.0109696
internal_weight=6777.66 3203.97 1991.2 3573.69 1212.77 261.011 740.862 1730.19 2834.43 2745.58 894.072 1883.55 970.746 879.724
internal_count=673831 648973 306591 24858 342382 125703 294711 180888 22681 21168 71231 10439 6406 4887
is_linear=0
shrinkage=0.05


Tree=59
num_leaves=15
num_cat=0
split_feature=1 1 19 5 8 11 13 3 9 3 1 11 2 13
split_gain=320.172 96.3675 53.0203 59.5456 70.0969 45.6014 32.1732 31.7607 25.7705 24.8028 24.2546 21.4643 21.674 16.7463
threshold=0.026391166262328628 0.01265845261514187 0.39294137060642248 5.3525319099426278 1.0000000180025095e-35 0.015749008394777778 0.76696833968162548 0.96601364016532909 0.84134948253631603 0.83282214403152477 0.032654678449034698 0.011173533275723459 5.3607366085052499 1.0000000180025095e-35
decision_type=2 2 2 2 2 2 2 2 2 2 2 2 2 2
left_child=1 2 6 8 -5 9 -1 11 -4 -2 -7 12 -3 -10
right_child=5 7 3 4 -6 10 -8 -9 13 -11 -12 -13 -14 -15
leaf_value=-0.034789171221327429 -0.0010020043880481367 -0.032298988934565072 -0.0084735478227359658 0.00888137037353799 -0.045588396119195677 0.016602936469847611 -0.014628114145871353 0.00459644376140663 0.03642058082902979 0.011948106904735393 0.037893773836007755 -0.0017994630384246251 -0.0095462922032404779 0.0056450138974091313
leaf_weight=542.76134753238512 641.64500490610953 126.89686354727746 197.96380106695142 88.106650716843433 165.80655148850201 1241.1085255867511 327.78306632854219 849.2286252459744 65.903372798435157 865.19497368118027 149.86316952524794 763.6465752012009 549.52714260885841 123.50489003954863
leaf_count=295211 6605 16099 38939 15250 128978 4189 60853 17494 9363 4120 794 29685 33234 13017
internal_value=-3.4682e-10 -0.009539 -0.019314 -0.00831204 -0.0268811 0.0125074 -0.0273249 -0.00305564 0.004047 0.00644859 0.0190243 -0.00756846 -0.0140204 0.0170145
internal_weight=6698.94 3801.13 1511.83 641.285 253.913 2897.81 870.544 2289.3 387.372 1506.84 1390.97 1440.07 676.424 189.408
internal_count=673831 658123 561611 205547 144228 15708 356064 96512 61319 10725 4983 79018 49333 22380
is_linear=0
shrinkage=0.05


Tree=60
num_leaves=15
num_cat=0
split_feature=1 0 3 18 5 8 0 3 1 1 13 12 19 5
split_gain=298.724 79.9948 65.3878 52.4063 43.8174 66.8059 38.2528 32.9845 28.2039 24.8897 23.3653 19.4957 17.9267 18.6269
threshold=0.01844666060060263 0.016001024283468727 0.96601364016532909 0.82607644796371471 4.4347877502441415 1.0000000180025095e-35 0.0060790833085775384 0.99839973449707042 0.032654678449034698 0.01010113535448909 0.97368422150611889 0.64583334326744091 0.65897127985954296 2.7258682250976567
decision_type=2 2 2 2 2 2 2 2 2 2 2 2 2 2
left_child=2 7 3 6 9 -6 -1 10 12 -4 -2 -11 13 -3
right_child=1 8 4 -5 5 -7 -8 -9 -10 11 -12 -13 -14 -15
leaf_value=-0.037255192110761025 -0.0093285093019649622 0.0091547403742926591 0.03329651235265748 -0.0059107942437003728 0.015118451790425841 -0.034158271830409308 -0.018107369331523491 0.0095558130006428588 0.037277337731375752 -0.0013029005050765336 0.003874763408130861 0.030836073214826051 0.018036174742671451 -0.03036861056941283
leaf_weight=384.50968434236347 680.80851728652488 550.18789429220487 78.959811089051072 581.50182681999286 105.46946665091673 180.98092791185991 861.84919075790458 881.48431063475437 143.16339830172365 335.33649734879145 651.11962584377034 49.847397622477729 1106.8804424761329 26.680062637082301
leaf_count=220374 23339 2317 7902 106977 8901 91410 181383 8439 794 6847 10890 745 3298 215
internal_value=-1.95312e-10 0.00848227 -0.013282 -0.0183725 -0.000846006 -0.0160667 -0.0241399 0.00208068 0.0162113 0.00861873 -0.00288367 0.00319812 0.0143151 0.00708154
internal_weight=6618.78 4040.32 2578.45 1827.86 750.594 286.45 1246.36 2213.41 1826.91 464.144 1331.93 385.184 1683.75 576.868
internal_count=673831 49292 624539 508734 115805 100311 401757 42668 6624 15494 34229 7592 5830 2532
is_linear=0
shrinkage=0.05


Tree=61
num_leaves=15
num_cat=0
split_feature=1 3 11 5 8 2 5 19 13 11 12 11 10 1
split_gain=282.103 86.0988 64.8445 52.5707 84.1053 49.4954 49.4255 39.9963 33.2059 21.257 21.049 19.9385 18.7058 17.8794
threshold=0.026391166262328628 0.96601364016532909 0.010471491608768703 4.4347877502441415 1.0000000180025095e-35 5.3055641651153573 6.5125830173492441 0.6492956578731538 0.7947368621826173 0.015749008394777778 0.58571431040763866 0.015504807699471714 0.016261236742138866 0.0080655650235712546
decision_type=2 2 2 2 2 2 2 2 2 2 2 2 2 2
left_child=1 2 5 10 -5 8 -7 11 -1 -9 13 -2 -11 -3
right_child=7 3 -4 4 -6 6 -8 9 -10 12 -12 -13 -14 -15
leaf_value=-0.038984482460218517 -0.003117546412685788 0.034199477180650049 -0.0036238357819863552 0.016639132870156236 -0.03482810614671817 -0.0086246716718743847 -0.043902735634311241 0.011069136044503462 -0.015183556674652675 0.016894153238398581 0.025946566182608571 0.010428410021035422 0.033109713985331239 0.002883404607327454
leaf_weight=428.44635197096432 492.582919819979 44.0977380220138 921.57346358110954 126.49879428790882 197.88589006418988 844.32162304835947 108.27322392499991 896.31100537942257 235.81556327606813 579.64241916069295 142.07870642357739 595.72599665664166 270.32856695764349 657.27043809706811
leaf_count=236993 5557 5244 52032 9037 92117 145977 62774 4507 38676 1763 2585 2900 981 12688
internal_value=2.33444e-10 -0.00907594 -0.0142367 0.00215444 -0.0148098 -0.0202559 -0.0128427 0.011862 -0.0307116 0.0165421 0.00872759 0.00431111 0.0222149 0.00508051
internal_weight=6540.85 3706.26 2538.43 1167.83 324.385 1616.86 952.595 2834.59 664.262 1746.28 843.447 1088.31 849.971 701.368
internal_count=673831 658123 536452 121671 101154 484420 208751 15708 275669 7251 20517 8457 2744 17932
is_linear=0
shrinkage=0.05


Tree=62
num_leaves=15
num_cat=0
split_feature=1 19 3 18 5 8 0 11 1 1 5 18 13 2
split_gain=266.8 74.578 59.107 48.3652 40.2029 57.8106 34.4471 32.7984 31.0466 22.3194 19.398 19.1218 18.9048 18.8961
threshold=0.01844666060060263 0.6492956578731538 0.96601364016532909 0.82607644796371471 4.2830162048339853 1.0000000180025095e-35 0.0060790833085775384 0.015504807699471714 0.03201024420559407 0.01010113535448909 1.6976895332336428 0.83888727426528942 0.97368422150611889 20.889029502868656
decision_type=2 2 2 2 2 2 2 2 2 2 2 2 2 2
left_child=2 7 3 6 9 -6 -1 12 10 -4 -3 -9 -2 -7
right_child=1 8 4 -5 5 13 -8 11 -10 -11 -12 -13 -14 -15
leaf_value=-0.036251307340095788 -0.011154934990803944 0.01624066521339828 0.03192891406307994 -0.0056333149036191452 0.013181112606914364 -0.040947420590418511 -0.017608610698568932 -0.0060063323910974683 0.025145761014345919 0.0031614710660159079 0.0054084522135684565 0.01374443781644593 0.0019472973117994688 -0.00088534446387599397
leaf_weight=361.92344076682275 566.14236315531889 848.13830241607502 77.512928575277328 571.0838941492766 106.8243260254967 138.84537943322721 837.5038389613037 156.99062862529536 505.32036402980157 376.59495747752953 816.08433901134413 516.66397503396001 529.06390586384805 37.287728540424723
leaf_count=220374 21359 5440 7680 106977 8986 77737 181383 1127 1635 7503 7428 2754 9549 13899
internal_value=5.21297e-11 0.00811346 -0.0127338 -0.0176749 -0.000825558 -0.0154661 -0.0233611 0.000488163 0.0143151 0.00836612 0.010961 0.00913131 -0.00484552 -0.0327248
internal_weight=6445.98 3938.4 2507.58 1770.51 737.065 282.957 1199.43 1768.86 2169.54 454.108 1664.22 673.655 1095.21 176.133
internal_count=673831 49292 624539 508734 115805 100622 401757 34789 14503 15183 12868 3881 30908 91636
is_linear=0
shrinkage=0.05


Tree=63
num_leaves=15
num_cat=0
split_feature=1 19 5 8 11 1 13 19 0 19 18 10 13 13
split_gain=254.008 86.2066 72.615 86.134 68.8708 36.7805 28.856 28.6864 28.3877 23.5501 17.2893 16.3788 19.3779 49.9903
threshold=0.027421606704592708 0.32167416810989385 5.3525319099426278 1.0000000180025095e-35 0.010471491608768703 0.03201024420559407 0.97368422150611889 0.43292278051376348 0.016261236742138866 0.79454472661018383 0.79647564888000499 0.0055402088910341271 0.97368422150611889 0.20714285969734195
decision_type=2 2 2 2 2 2 2 2 2 2 2 2 2 2
left_child=1 4 8 -4 6 7 -1 -2 9 -3 -6 -11 13 -13
right_child=5 2 3 -5 10 -7 -8 -9 -10 11 -12 12 -14 -15
leaf_value=-0.034407049818466845 -0.0032052280961388062 -0.0053602251644818827 0.0094580978553520274 -0.040475459879653931 -0.02522796847933112 0.022580422303977051 -0.014638213454822361 0.011888705984400222 0.02106581694459931 0.025399933130976229 -0.0017715789243785485 0.0027115445714925822 0.011710216929157051 -0.049322875219142415
leaf_weight=515.81502437367089 396.15457497863099 1030.6034665827538 132.52212440133735 234.58429844998682 87.068536604463588 643.00174503312155 304.17477876996418 1493.6683903252706 164.27504296187544 90.669607060408453 541.87856253188511 337.38814276385529 356.25871813445701 48.396231440055999
leaf_count=276928 3346 111047 17842 146998 7350 2177 44149 7455 723 6839 32183 7599 6554 2641
internal_value=6.52046e-11 -0.00809731 -0.00226136 -0.022565 -0.0177016 0.0122796 -0.027207 0.00872453 0.0014612 -0.000318952 -0.00519214 0.00591511 0.00338021 -0.00436367
internal_weight=6376.46 3843.63 2394.7 367.106 1448.94 2532.82 819.99 1889.82 2027.59 1863.32 628.947 832.713 742.043 385.784
internal_count=673831 660853 300243 164840 360610 12978 321077 10801 135403 134680 39533 23633 16794 10240
is_linear=0
shrinkage=0.05


Tree=64
num_leaves=15
num_cat=0
split_feature=1 19 5 8 11 3 13 0 9 19 15 2 10 5
split_gain=239.864 82.6898 67.5148 82.0553 64.6137 34.6758 28.2408 24.3191 23.5818 22.2407 18.2749 18.0608 17.2969 16.6596
threshold=0.027421606704592708 0.32167416810989385 5.3525319099426278 1.0000000180025095e-35 0.010471491608768703 0.91492921113967907 0.97368422150611889 0.016261236742138866 0.84790632128715526 0.79454472661018383 1.7005987167358401 4.1561467647552499 0.015268065501004459 2.3352478742599492
decision_type=2 2 2 2 2 2 2 2 2 2 2 2 2 2
left_child=1 4 7 -4 6 8 -1 9 11 -3 12 -2 -10 -6
right_child=5 2 3 -5 13 -7 -8 -9 10 -11 -12 -13 -14 -15
leaf_value=-0.033996561200023416 -0.040304911463136125 -0.0051610492005323954 0.0089959859816052066 -0.039927859911814127 -0.0019649872431863366 0.017086898444446084 -0.014267989314648441 0.019695313744057044 -0.028423606638506738 0.0058355894941356477 0.014400389298321251 -0.0013304443531389084 0.0093198700257070017 -0.025257977080009909
leaf_weight=502.31450787657741 27.378100898233242 1023.1747535928007 133.37489607670432 227.15103158518832 540.91603456062876 1428.1426431285508 300.12962481033173 161.69030319957528 48.599982697225641 826.77209935706924 571.90141929659876 367.77378511112329 65.932590176787926 84.670797474813298
leaf_count=276928 434 111047 17842 146998 32899 5612 44149 723 517 23633 3242 2868 305 6634
internal_value=1.47815e-10 -0.0079187 -0.00218497 -0.0219532 -0.0174024 0.0119823 -0.0267517 0.00140354 0.00519446 -0.000243985 0.0107677 -0.00450067 -0.00721496 -0.00529288
internal_weight=6309.92 3800.19 2372.16 360.526 1428.03 2509.73 802.444 2011.64 1081.59 1849.95 686.434 395.152 114.533 625.587
internal_count=673831 660853 300243 164840 360610 12978 321077 135403 7366 134680 4064 3302 822 39533
is_linear=0
shrinkage=0.05


Tree=65
num_leaves=15
num_cat=0
split_feature=1 19 5 13 9 5 8 1 13 5 3 12 5 2
split_gain=227.574 77.7595 56.3754 44.7614 55.8416 40.2929 76.5453 37.5853 28.4712 24.6026 25.4436 22.8259 21.4263 20.2594
threshold=0.026391166262328628 0.61228078603744518 5.7895598411560067 0.97368422150611889 0.84134948253631603 4.4347877502441415 1.0000000180025095e-35 0.03201024420559407 0.18465909361839297 2.9309395551681523 0.55273211002349865 0.30952382087707525 3.2957410812377934 5.248507261276246
decision_type=2 2 2 2 2 2 2 2 2 2 2 2 2 2
left_child=1 2 3 4 8 11 -7 9 13 10 -2 -3 -5 -1
right_child=7 5 -4 12 -6 6 -8 -9 -10 -11 -12 -13 -14 -15
leaf_value=-0.02754996848006094 -0.00079006352695633092 -0.00088622962643307435 -0.044138715506188177 -0.0015909028951649137 -0.0018966613338932904 0.014743605902444138 -0.032919542408475708 0.021693564136161018 -0.040841609313387379 -0.019491627146892718 0.012068047681438541 0.014521197704283437 -0.036253584767028217 -0.0092286305787613928
leaf_weight=344.54042679473059 517.99025922996225 486.86321997204504 139.99850621224687 865.92318874062039 371.1998220543901 140.04058794789307 198.10957979717205 620.79660201291699 215.53420943189485 75.610685203340836 1483.986839962221 468.78714752191445 42.0403263206681 278.39940318871231
leaf_count=123298 4968 18375 82257 61830 53558 11341 106414 2177 132796 778 7785 12187 6213 49854
internal_value=-6.921e-11 -0.00831183 -0.0139027 -0.0118045 -0.0180836 0.00145996 -0.0132532 0.0109346 -0.025196 0.00767542 0.00874747 0.00670801 -0.00338561 -0.0195006
internal_weight=6249.82 3551.44 2257.64 2117.64 1209.67 1293.8 338.15 2698.38 838.474 2077.59 2001.98 955.65 907.964 622.94
internal_count=673831 658123 509806 427549 359506 148317 117755 15708 305948 13531 12753 30562 68043 173152
is_linear=0
shrinkage=0.05


Tree=66
num_leaves=15
num_cat=0
split_feature=1 3 19 18 5 13 13 5 5 8 9 13 13 11
split_gain=213.001 72.338 48.4974 41.8374 39.4934 32.2064 30.3436 29.1479 29.1106 49.2332 28.7856 29.9783 24.5751 21.5871
threshold=0.016123023815453056 0.91492921113967907 0.63029590249061596 0.85117706656456005 5.7895598411560067 0.97368422150611889 1.0000000180025095e-35 2.1409264802932744 4.1796958446502694 1.0000000180025095e-35 0.83945858478546154 0.89736840128898632 0.18465909361839297 0.015504807699471714
decision_type=2 2 2 2 2 2 2 2 2 2 2 2 2 2
left_child=2 3 4 5 10 6 -2 -3 -4 -10 11 12 -1 -5
right_child=1 7 8 13 -6 -7 -8 -9 9 -11 -12 -13 -14 -15
leaf_value=-0.020292140701283202 -0.0082698931157569287 0.017158962013892835 0.0070689625532310554 -0.0011227332911567165 -0.044139628917609225 0.0029673603217283684 -0.036573929299355122 0.0041595774372694249 0.010591759089014071 -0.031679428630113714 -0.0030554770141110149 -0.0082600794699906697 -0.043707601065907632 0.015074987587044706
leaf_weight=415.36319732577977 580.98663018858497 1414.0877209907776 375.00081783920177 343.00079412234481 132.31113921531505 577.44567284898949 109.43204511013755 625.11733837754582 114.69050476004486 160.3703424562591 335.07797186848984 339.00688062707195 160.4313467740285 506.41841050075163
leaf_count=159254 18031 8135 19193 9268 84137 10217 9382 6468 11059 103282 69878 38654 124172 2701
internal_value=1.49561e-10 0.00648495 -0.0132468 7.52207e-06 -0.0185282 -0.00573741 -0.0129868 0.0131939 -0.00196148 -0.0141794 -0.0156519 -0.0202241 -0.0271364 0.00856595
internal_weight=6188.74 4156.49 2032.25 2117.28 1382.19 1267.86 690.419 2039.21 650.062 275.061 1249.88 914.801 575.795 849.419
internal_count=673831 64202 609629 49599 476095 37630 27413 14603 133534 114341 391958 322080 283426 11969
is_linear=0
shrinkage=0.05


Tree=67
num_leaves=15
num_cat=0
split_feature=1 19 11 5 8 3 13 18 2 12 2 18 10 8
split_gain=204.052 75.9215 55.2426 54.072 66.7422 31.4727 24.0427 21.0139 19.0342 18.1487 17.6451 17.0036 16.3111 19.0965
threshold=0.027421606704592708 0.37979425489902502 0.010471491608768703 5.3525319099426278 1.0000000180025095e-35 0.91492921113967907 0.97368422150611889 0.84884411096572887 5.3055641651153573 0.30952382087707525 4.1561467647552499 0.80049028992652904 0.016261236742138866 8.5591940879821795
decision_type=2 2 2 2 2 2 2 2 2 2 2 2 2 2
left_child=1 2 6 9 -5 7 8 10 -1 12 -2 -10 -3 -14
right_child=5 3 -4 4 -6 -7 -8 -9 11 -11 -12 -13 13 -15
leaf_value=-0.036989728542740741 -0.039331534406601587 -0.0048056953526483467 -0.0050389317951926504 0.0081082974977169844 -0.03761706461434336 0.016113753985534496 -0.013281227960528469 0.011030615940424017 -0.031324733983889033 0.0074823428273150311 -0.00059157514363174094 -0.0011421162648997283 0.031923997635422231 -0.018324013657875799
leaf_weight=363.77749059283451 26.466297953113099 818.21924658890566 700.29706083620113 129.27033220267185 197.36898586676034 1393.2019623248052 349.52694375497958 572.982006368984 90.254293198104278 864.70839653615985 448.73274801702792 92.242250671501097 60.19025830051396 22.833330066816416
leaf_count=237231 441 66139 43180 16287 138910 5612 52163 3382 42229 37830 3543 26550 205 129
internal_value=-1.6244e-10 -0.00741799 -0.0156133 -0.00114483 -0.0196714 0.0112001 -0.0238059 0.00462358 -0.0303585 0.00232781 -0.00313627 -0.0165063 -0.00263177 0.0178488
internal_weight=6130.07 3688.69 1596.1 2092.59 326.639 2441.38 895.801 1048.18 546.274 1765.95 475.199 182.497 901.243 83.0236
internal_count=673831 660853 401353 259500 155197 12978 358173 7366 306010 104303 3984 68779 66473 334
is_linear=0
shrinkage=0.05


Tree=68
num_leaves=15
num_cat=0
split_feature=1 19 18 5 8 13 1 3 2 13 13 5 5 1
split_gain=191.463 70.1104 51.8482 51.1666 62.9396 33.3273 31.8495 20.858 18.7972 18.9014 76.8612 17.773 17.2342 16.5138
threshold=0.026903012767434124 0.37979425489902502 0.81705695390701305 5.3525319099426278 1.0000000180025095e-35 0.97368422150611889 0.03201024420559407 0.55273211002349865 20.889029502868656 0.97368422150611889 0.20714285969734195 3.2957410812377934 2.9309395551681523 0.010000481735914947
decision_type=2 2 2 2 2 2 2 2 2 2 2 2 2 2
left_child=1 2 5 8 -5 -1 7 -2 9 10 13 -7 -9 -3
right_child=6 3 -4 4 -6 11 -8 12 -10 -11 -12 -13 -14 -15
leaf_value=-0.033364841233783589 -0.0015177693605818406 0.022395403795889165 -0.0067470206337713768 0.0073406493676252561 -0.037237569881734482 -0.0055357076741705709 0.020630302996215065 0.01148922540252096 0.020507722722509784 0.0064202493580436592 -0.041984598776792718 -0.040417712460477262 -0.015803896009755316 -0.0011222270065720517
leaf_weight=455.42644353069772 491.95415092940675 79.94772875156923 816.39620337338056 130.07827894996444 191.87468151318899 236.25152892935148 590.16012231521017 1391.3279570749437 124.81258162480663 743.95587586023612 112.54169442024431 38.7205963530796 56.123547757888446 612.30780412757304
leaf_count=226691 4492 24304 138582 16287 138905 21344 2177 7125 3112 29947 22991 14293 514 23067
internal_value=2.23981e-10 -0.00749886 -0.0154702 -0.00129676 -0.0193899 -0.0251083 0.0104952 0.00736599 0.0022313 0.000697165 -0.00460024 -0.0110818 0.0103802 0.00173492
internal_weight=6071.88 3542.31 1546.79 1995.52 321.953 730.399 2529.57 1939.41 1673.57 1548.75 804.797 274.972 1447.45 692.256
internal_count=673831 659523 400910 258613 155192 262328 14308 12131 103421 100309 70362 35637 7639 47371
is_linear=0
shrinkage=0.05


Tree=69
num_leaves=15
num_cat=0
split_feature=1 19 2 5 13 13 5 9 13 13 11 9 2 5
split_gain=179.769 58.2145 51.8912 55.5899 38.5076 63.5307 29.5946 25.067 23.8891 30.0616 22.3146 21.264 19.9147 18.2426
threshold=0.01844666060060263 0.6492956578731538 13.05429267883301 5.5277178287506112 0.97368422150611889 0.18465909361839297 7.3078691959381112 0.85677316784858715 0.97368422150611889 0.20714285969734195 0.015749008394777778 0.84096577763557445 5.3055641651153573 2.5717338323593144
decision_type=2 2 2 2 2 2 2 2 2 2 2 2 2 2
left_child=2 7 3 4 5 11 -4 8 9 -2 -3 12 -1 -9
right_child=1 10 6 -5 -6 -7 -8 13 -10 -11 -12 -13 -14 -15
leaf_value=-0.025405354168669899 -0.0064821513374437078 0.0084012218263117486 0.0066542759340735298 -0.043507648787719969 -0.0031649701814880265 -0.042335631833989702 -0.031013564082398387 0.011352335554617963 0.003277401086645081 -0.037307683904051391 0.01926186275955355 0.0024054424711255191 -0.005784600904498503 -0.014411767178927906
leaf_weight=290.71804599576353 478.57049728029233 1288.9409156832553 484.24670815623176 152.1970182834084 682.08348510459473 215.42437835833698 53.396564388072875 521.86948349463637 496.91713314416847 90.574586719580111 756.83951475108188 197.74177519675141 236.48345001445705 74.648152395326179
leaf_count=121302 12871 11629 76408 105123 61728 146711 33178 6134 7656 6477 2874 33564 46525 1651
internal_value=-2.66443e-10 0.00681948 -0.0109279 -0.015041 -0.0122452 -0.0187798 0.00266196 -0.000133086 -0.00471986 -0.0116699 0.0124563 -0.0115379 -0.0167412 0.00803522
internal_weight=6020.65 3708.36 2312.29 1774.65 1622.45 940.368 537.643 1662.58 1066.06 569.145 2045.78 724.943 527.201 596.518
internal_count=673831 49292 624539 514953 409830 348102 109586 34789 27004 19348 14503 201391 167827 7785
is_linear=0
shrinkage=0.05


Tree=70
num_leaves=15
num_cat=0
split_feature=1 19 11 5 8 12 13 13 13 0 12 5 19 7
split_gain=171.73 68.4952 51.3777 49.8465 34.2509 29.4304 30.609 81.7059 24.3202 19.6085 20.1505 16.3965 14.8194 14.7434
threshold=0.027421606704592708 0.32167416810989385 0.0066007319837808618 6.5125830173492441 1.0000000180025095e-35 0.93750000000000011 0.97368422150611889 1.0000000180025095e-35 0.97368422150611889 0.016261236742138866 0.30952382087707525 2.4836850166320805 0.80881485342979442 1.5000000000000002
decision_type=2 2 2 2 2 2 2 2 2 2 2 2 2 2
left_child=1 2 8 9 -5 6 7 -2 -1 10 -3 13 -12 -4
right_child=5 3 11 4 -6 -7 -8 -9 -10 -11 12 -13 -14 -15
leaf_value=-0.038298059959850687 0.0071499081947993502 -0.0056708069555375298 0.019192065025731939 0.0015914045957789735 -0.038697627322764432 0.024610362238301178 0.014270064400180693 -0.036598351156227074 -0.014062693287383769 0.017775667179756489 -0.0019934358460350797 -0.026491823849191461 0.010543901080290271 -0.0078486952066336955
leaf_weight=284.73600678862567 918.51049569530733 949.53290842163187 49.505573248650762 82.945872913573112 138.10317507337822 312.47821508866036 1032.7390337993565 115.68671051353158 174.32771521856193 153.17023683164734 443.82697867583556 107.7335531243225 494.39111740742737 711.16641118801999
leaf_count=214803 5477 103897 4675 12803 115723 1186 4744 1571 32859 727 43488 18849 23605 89424
internal_value=2.44694e-10 -0.00690175 -0.015895 -0.00160053 -0.0238789 0.0104042 0.00820232 0.00210362 -0.0293454 0.000864859 -0.0005506 -0.00865739 0.00463395 -0.00597501
internal_weight=5968.85 3589.44 1327.47 2261.97 221.049 2379.41 2066.94 1034.2 459.064 2040.92 1887.75 868.406 938.218 760.672
internal_count=673831 660853 360610 300243 128526 12978 11792 7048 247662 171717 170990 112948 67093 94099
is_linear=0
shrinkage=0.05


Tree=71
num_leaves=15
num_cat=0
split_feature=1 19 5 9 13 13 19 5 8 2 13 13 1 5
split_gain=163.428 64.9837 53.1189 42.6111 36.6134 41.4586 28.0257 27.5373 56.3159 21.5325 18.6091 32.8271 16.9426 16.4977
threshold=0.026903012767434124 0.78758457303047191 6.5125830173492441 0.85289570689201366 0.89736840128898632 0.20714285969734195 0.80472412705421459 4.1796958446502694 1.0000000180025095e-35 5.8261864185333261 0.97368422150611889 0.20714285969734195 0.01010113535448909 3.2957410812377934
decision_type=2 2 2 2 2 2 2 2 2 2 2 2 2 2
left_child=1 2 3 4 5 9 10 12 -9 -1 11 -2 -3 -6
right_child=6 7 -4 -5 13 -7 -8 8 -10 -11 -12 -13 -14 -15
leaf_value=-0.02214510864873942 0.0021092529889493723 0.029877346008130651 -0.044471553622276332 0.0025797905747662938 -0.0032943405152688152 -0.0388158351950414 0.014528110631975379 0.014433494315482968 -0.028728670890593264 -0.005603157166797549 0.010313249571158811 -0.033413096942528843 0.0055688042469966611 -0.03770576347994091
leaf_weight=412.34280127434977 475.0643411205383 75.439666003847378 112.46705735511932 523.98419815966554 695.18746976346301 220.04519905645429 1381.7799359557685 131.61859208423994 165.37228379730732 380.64261171063845 540.19921110534051 70.269408904794545 702.94000267077354 31.77191864134511
leaf_count=145053 3876 7114 80205 50455 53767 145891 5938 9154 90758 58460 3152 1342 12368 6298
internal_value=-2.13688e-11 -0.00702024 -0.0116277 -0.00990172 -0.013657 -0.0197816 0.00981577 0.00316837 -0.00967806 -0.0142896 0.00377831 -0.00272999 0.00810042 -0.00504559
internal_weight=5919.12 3451.81 2376.44 2263.97 1739.99 1013.03 2467.31 1075.37 296.991 792.985 1085.53 545.334 778.38 726.959
internal_count=673831 659523 540129 459924 409469 349404 14308 119394 99912 203513 8370 5218 19482 60065
is_linear=0
shrinkage=0.05


Tree=72
num_leaves=15
num_cat=0
split_feature=19 5 11 8 12 13 13 5 19 9 5 2 0 7
split_gain=155.089 74.2997 70.6427 66.2899 35.9553 35.4244 118.233 25.2426 24.9142 24.2155 37.7465 22.5512 22.3419 21.7585
threshold=0.44430501759052282 4.1796958446502694 0.010471491608768703 1.0000000180025095e-35 0.73214286565780651 0.97368422150611889 0.20714285969734195 6.1446294784545907 0.16763405501842502 0.86827579140663158 2.1099430322647099 18.137294769287113 0.016261236742138866 1.5000000000000002
decision_type=2 2 2 2 2 2 2 2 2 2 2 2 2 2
left_child=2 4 7 -3 5 6 12 8 13 10 -4 -5 -2 -1
right_child=1 3 9 11 -6 -7 -8 -9 -10 -11 -12 -13 -14 -15
leaf_value=0.012021406745928602 0.0022667941220249083 0.0085939903494314084 -0.00069631036267000894 -0.042942238967517574 0.020930548651290889 0.012133428113215147 -0.039333040930801894 -0.049925940446910538 -0.01111234047500124 0.016621694888016049 -0.025317430663836127 -0.0091152946799095084 0.017858533383957646 -0.031537581097010457
leaf_weight=28.677995992435172 947.44736395563814 180.67389339054353 877.28449559076762 146.98846593679082 505.60939426458208 1383.061769237418 156.9868579984759 64.820360554014769 533.10403355543167 141.39306011372537 184.32995873706386 77.720178919713362 299.11242924371618 344.67206554405311
leaf_count=8973 32996 17314 36505 101145 4202 23566 16552 49278 151586 2509 11121 33563 1209 183312
internal_value=-1.99602e-10 0.00622881 -0.0105827 -0.0138531 0.00871882 0.00646957 0.000865125 -0.0205766 -0.0182155 -0.00246223 -0.00506996 -0.0316956 0.00606444 -0.0280771
internal_weight=5871.88 3697.6 2174.28 405.383 3292.22 2786.61 1403.55 971.274 906.454 1203.01 1061.61 224.709 1246.56 373.35
internal_count=673831 230547 443284 152022 78525 74323 50757 393149 343871 50135 47626 134708 34205 192285
is_linear=0
shrinkage=0.05


Tree=73
num_leaves=15
num_cat=0
split_feature=19 18 5 8 12 13 13 13 11 13 2 5 1 0
split_gain=147.363 70.0429 68.7023 62.3583 36.0231 34.6486 109.91 31.4428 27.0066 23.1865 20.7936 20.2442 19.9939 16.9193
threshold=0.44430501759052282 0.82266083359718334 4.1796958446502694 1.0000000180025095e-35 0.64583334326744091 0.97368422150611889 0.20714285969734195 0.89736840128898632 0.015749008394777778 0.17424242943525317 18.137294769287113 2.4374457597732548 0.031269090250134475 0.016261236742138866
decision_type=2 2 2 2 2 2 2 2 2 2 2 2 2 2
left_child=1 7 4 -4 5 6 13 9 -3 -1 -5 -9 -7 -2
right_child=2 8 3 10 -6 12 -8 11 -10 -11 -12 -13 -14 -15
leaf_value=-0.021299443008606547 0.001361017370518647 -0.0064159291576476934 0.0083128097492722007 -0.042053525065741074 0.017238983008947217 0.0078581536250135163 -0.042118514318134508 -0.0025287873609717328 0.011096559916912037 -0.044683757799571899 -0.0093026686679964273 -0.02840945498640823 0.023456064070513993 0.016040002151265369
leaf_weight=455.17322920825973 847.69900661743304 855.60233980924022 180.44704424709198 142.21064125532575 858.69669477133721 919.01867259820574 135.93702946422127 303.86324648107984 290.9312306575448 144.32356766638077 77.423543547625741 96.085199316235958 263.62022073085973 250.90103425271809
leaf_count=158083 31391 121515 17314 101145 8897 20363 15975 22827 2063 113703 33563 25093 864 1035
internal_value=-2.36162e-10 -0.0103973 0.00607569 -0.0133699 0.00846733 0.00532207 -0.000541224 -0.0200375 -0.00194327 -0.027252 -0.0309725 -0.00902047 0.0114192 0.00477092
internal_weight=5821.93 2145.98 3675.95 400.081 3275.87 2417.18 1234.54 999.445 1146.53 599.497 219.634 399.948 1182.64 1098.6
internal_count=673831 443284 230547 152022 78525 69628 48401 319706 123578 271786 134708 47920 21227 32426
is_linear=0
shrinkage=0.05


Tree=74
num_leaves=15
num_cat=0
split_feature=19 5 8 18 19 13 12 11 11 2 2 10 1 13
split_gain=141.026 74.8846 63.7691 52.2893 47.7412 29.7337 27.5088 24.995 21.3748 20.5609 18.5783 17.118 20.4083 19.5175
threshold=0.30431982874870306 4.1796958446502694 1.0000000180025095e-35 0.82266083359718334 0.80472412705421459 0.89736840128898632 0.58571431040763866 0.014389234129339458 0.015749008394777778 18.137294769287113 13.285941600799562 0.015749008394777778 0.010309409350156786 0.97368422150611889
decision_type=2 2 2 2 2 2 2 2 2 2 2 2 2 2
left_child=3 4 10 5 7 -1 11 -2 -5 -4 -3 12 -6 -14
right_child=1 2 9 8 6 -7 -8 -9 -10 -11 -12 -13 13 -15
leaf_value=-0.031822915039247744 -0.0040369886039763334 -0.016871809676699764 -0.042024513979388091 -0.00923809010712137 0.028638679534261496 -0.010207216714680407 0.019955956134673037 0.0075309210558170735 0.010819359730434915 -0.010100421927266741 0.015438130465716727 0.013869572422186139 -0.0081237115751169528 0.0086653279360687004
leaf_weight=422.63398124173 1097.8037782576939 59.20233762171847 162.94514236267423 518.79232592759217 63.262759866353008 263.75504746935621 691.40462379679957 804.9906748134199 173.3418689922255 77.674146134679177 141.5573593100562 607.6353319977643 354.20298156514764 329.12688576051733
leaf_count=221092 115382 12493 121789 95545 5733 31274 4760 6801 1308 34019 10562 2542 6384 4147
internal_value=2.13341e-10 0.0043827 -0.0150399 -0.0139218 0.00657015 -0.0236507 0.011863 0.000863809 -0.00417322 -0.0321345 0.00573174 0.00767289 0.00257082 -3.30399e-05
internal_weight=5768.33 4389.81 441.379 1378.52 3948.43 686.389 2045.63 1902.79 692.134 240.619 200.76 1354.23 746.593 683.33
internal_count=673831 324612 178863 349219 145749 252366 23566 122183 96853 155808 23055 18806 16264 10531
is_linear=0
shrinkage=0.05


Tree=75
num_leaves=15
num_cat=0
split_feature=19 5 18 8 12 13 19 18 2 5 13 5 2 5
split_gain=139.272 63.1555 59.5447 54.0096 32.3845 29.7613 21.1473 19.633 18.1614 16.8262 15.8565 15.4196 15.3167 17.1262
threshold=0.42517933249473577 4.1796958446502694 0.81681683659553539 1.0000000180025095e-35 0.30952382087707525 0.97368422150611889 0.80026847124099743 0.86095264554023754 20.889029502868656 2.3352478742599492 0.17424242943525317 1.4540808796882632 13.285941600799562 7.3078691959381112
decision_type=2 2 2 2 2 2 2 2 2 2 2 2 2 2
left_child=2 4 5 12 -2 10 -6 -4 -5 -7 -1 -8 -3 -14
right_child=1 3 7 8 6 9 11 -9 -10 -11 -12 -13 13 -15
leaf_value=-0.023192844151095474 0.0017248135441125412 -0.016886118257646764 -0.0062469311635438493 -0.037084628851249614 0.0043152333092158603 -0.0018696242399590852 0.021419374457689884 0.011271282496545468 -0.00091715062394671855 -0.027004215139312587 -0.045045062352008391 0.010692776297865915 0.021756612039027044 -0.027238229442391668
leaf_weight=367.84194510705856 1277.0911615952245 46.12876587073697 1014.119401621816 169.33631467536179 641.81298000480456 233.55940115841804 595.77994611168106 184.98891723484849 43.660137088751071 88.61094759889238 116.51358483266267 806.36235520798073 120.46904611571517 16.420118536494556
leaf_count=138972 51870 8028 144582 120097 20581 17731 3751 7073 17993 23422 100861 8921 7226 2723
internal_value=-3.75747e-10 0.00572793 -0.0106035 -0.0130341 0.00798142 -0.021065 0.0118769 -0.00350878 -0.0298621 -0.00908978 -0.028856 0.0153105 0.00682365 0.0151268
internal_weight=5722.7 3717.06 2005.63 396.014 3321.05 806.526 2043.96 1199.11 212.996 322.17 484.356 1402.14 183.018 136.889
internal_count=673831 241190 432641 156067 85123 280986 33253 151655 138090 41153 239833 12672 17977 9949
is_linear=0
shrinkage=0.05


Tree=76
num_leaves=15
num_cat=0
split_feature=19 5 8 18 12 19 0 13 9 13 13 5 8 2
split_gain=133.802 64.9259 52.3559 49.2154 44.5194 26.3672 20.1708 18.3885 18.1116 20.2453 18.9683 16.4896 16.4315 14.2446
threshold=0.30431982874870306 5.3525319099426278 1.0000000180025095e-35 0.80710414052009594 0.30952382087707525 0.80026847124099743 0.016261236742138866 0.97368422150611889 0.85677316784858715 0.89736840128898632 0.19375000149011615 1.4368596673011782 8.0136737823486346 16.211584091186527
decision_type=2 2 2 2 2 2 2 2 2 2 2 2 2 2
left_child=3 4 -3 7 6 -6 -2 -1 9 10 -5 -7 -10 -4
right_child=1 2 13 8 5 11 -8 -9 12 -11 -12 -13 -14 -15
leaf_value=-0.035488804329454594 -0.0029879799235555116 0.0056471016839298848 -0.047746517042047278 -0.011362265953351667 0.0038032407746101601 0.021025953157898822 0.011646663306138106 -0.013503929508853256 0.028231658683540203 -0.0008577906476471284 -0.036480841588936545 0.010059836387285482 -0.0056173105286005118 -0.017030315822944987
leaf_weight=270.14626143881469 1337.9426952170616 133.53626746115333 99.217612989988993 351.14340211820308 951.61353925177173 584.12137405738758 280.51276417488407 159.35389557099552 58.944589833248756 341.94688894274441 93.935235852335609 866.78431022413861 78.557324713525304 72.061375561050227
leaf_count=158196 99073 18232 100343 79274 41333 3709 1235 22809 601 24089 58262 11783 5988 48904
internal_value=-3.17138e-10 0.00429519 -0.0177721 -0.0136874 0.00598803 0.010299 -0.000423427 -0.0275812 -0.00711926 -0.0100419 -0.01701 0.0145317 0.00937457 -0.035673
internal_weight=5679.82 4325.79 304.815 1354.03 4020.97 2402.52 1618.46 429.5 924.527 787.026 445.079 1450.91 137.502 171.279
internal_count=673831 324612 167479 349219 157133 56825 100308 181005 168214 161625 137536 15492 6589 149247
is_linear=0
shrinkage=0.05


Tree=77
num_leaves=15
num_cat=0
split_feature=19 11 5 8 12 13 13 5 19 7 9 5 2 0
split_gain=128.369 55.9844 52.8851 50.3424 30.2118 31.2229 100.865 22.9159 23.1538 19.8351 18.3826 28.8369 17.5449 15.135
threshold=0.44430501759052282 0.010471491608768703 4.1796958446502694 1.0000000180025095e-35 0.77500000596046459 0.97368422150611889 0.20714285969734195 6.1446294784545907 0.16763405501842502 1.5000000000000002 0.86827579140663158 2.1099430322647099 18.137294769287113 0.0080972984433174151
decision_type=2 2 2 2 2 2 2 2 2 2 2 2 2 2
left_child=1 7 4 -4 5 6 13 8 9 -1 11 -3 -5 -2
right_child=2 10 3 12 -6 -7 -8 -9 -10 -11 -12 -13 -14 -15
leaf_value=0.011623065284573485 0.029311071994105438 -0.0010191052088405611 0.0072899308542853898 -0.03987134299545602 0.021148724830133615 0.011349770969352859 -0.037042988034916756 -0.048695856773780515 -0.0098970203795255667 -0.030265850639908137 0.014433547351852843 -0.023193844144836051 -0.0086846833329255729 0.0042160792682487307
leaf_weight=28.383186267099518 58.486664460448083 847.04890093705762 180.5221441626054 125.37283293212022 372.75504302344052 1396.2115850098635 151.6128961891518 57.466677368036471 509.4321490471375 319.34696815160351 135.41167950392992 172.4329656466798 74.157746108652645 1204.6808755699822
leaf_count=8973 12463 36505 17314 101145 2470 24265 16721 49278 151586 183312 2509 11121 33563 22606
internal_value=-4.3104e-10 -0.00989089 0.00574952 -0.0117728 0.00785639 0.00605932 0.00081672 -0.0190967 -0.0168413 -0.0267304 -0.00254941 -0.00486459 -0.0287761 0.005489
internal_weight=5633.32 2069.52 3563.8 380.053 3183.75 2810.99 1414.78 914.629 857.162 347.73 1154.89 1019.48 199.531 1263.17
internal_count=673831 443284 230547 152022 78525 76055 51790 393149 343871 192285 50135 47626 134708 35069
is_linear=0
shrinkage=0.05


Tree=78
num_leaves=15
num_cat=0
split_feature=19 1 18 5 3 8 13 11 5 9 16 12 10 11
split_gain=123.055 57.686 44.9479 39.665 23.3584 22.6643 22.1442 23.3485 16.4466 15.8669 12.9033 14.1163 13.6061 12.4621
threshold=0.30431982874870306 0.029000738635659221 0.83142250776290905 6.5125830173492441 0.96601364016532909 1.0000000180025095e-35 0.89736840128898632 0.0054496317170560369 2.856827020645142 0.85577082633972179 4.5010917186737069 0.13392857462167743 0.014599318150430919 0.015749008394777778
decision_type=2 2 2 2 2 2 2 2 2 2 2 2 2 2
left_child=2 3 6 4 9 -5 7 -1 10 -2 -3 12 -12 -4
right_child=1 8 13 5 -6 -7 -8 -9 -10 -11 11 -13 -14 -15
leaf_value=-0.041699660486966043 -0.0075927070206970263 0.00019427104560575781 -0.0065772162595452753 -0.0016072551996804574 0.0062247513519546622 -0.035739840564614697 -0.010008984609316072 -0.018609887328803386 -0.012970079574023291 0.0045268720471273978 -0.030913734742594082 0.016546424276868959 0.0072558905796246609 0.010396603404437939
leaf_weight=174.90533532293739 814.40731115638482 191.28419047596981 358.82618893310064 82.938812016327574 1193.9531296519108 114.2895233790714 321.24115062735291 323.76774880019002 62.688550412174664 398.79937964336932 20.630298227944877 1124.7094849718051 264.10918666719226 148.95274624787271
leaf_count=159745 107835 1006 59339 13044 47615 117492 36602 92401 460 30572 225 5045 1318 1132
internal_value=-5.28105e-11 0.00413733 -0.0132649 -0.000511658 0.00127256 -0.021781 -0.0204696 -0.027042 0.0113959 -0.00360659 0.0123875 0.0140358 0.00400463 -0.00154526
internal_weight=5595.5 4267.81 1327.69 2604.39 2407.16 197.228 819.914 498.673 1663.42 1213.21 1600.73 1409.45 284.739 507.779
internal_count=673831 324612 349219 316558 186022 130536 288748 252146 8054 138407 7594 6588 1543 60471
is_linear=0
shrinkage=0.05


Tree=79
num_leaves=15
num_cat=0
split_feature=19 18 5 8 13 13 12 13 13 5 1 2 19 2
split_gain=118.197 53.2722 48.5475 46.3194 33.14 28.7316 27.9164 29.2475 94.5395 18.8112 17.9516 16.5445 16.0004 14.5353
threshold=0.44430501759052282 0.83996793627738964 4.1796958446502694 1.0000000180025095e-35 0.89736840128898632 0.18465909361839297 0.64583334326744091 0.97368422150611889 0.20714285969734195 3.2242708206176762 0.031269090250134475 20.889029502868656 0.1707524508237839 13.285941600799562
decision_type=2 2 2 2 2 2 2 2 2 2 2 2 2 2
left_child=1 4 6 13 5 12 7 8 -2 -6 -9 -5 -1 -4
right_child=2 -3 3 11 9 -7 -8 10 -10 -11 -12 -13 -14 -15
leaf_value=-0.025678995540203073 0.0042357528978261795 0.0020995376519656272 -0.0168567751796306 -0.035668490991340104 -0.003092074059219858 -0.0394733683413587 0.015430877401676001 0.00708281368612604 -0.040300583026664415 -0.034805238014230085 0.022332679641728297 -0.00038012218885652806 -0.0093549435376661851 0.014775628321130658
leaf_weight=266.38082650806973 1059.583834843259 657.45047263307788 44.321874932182254 150.59415970972259 527.08845478639705 175.5166415726635 825.66254677975667 891.47437074278423 129.17840489096125 46.474611236622877 244.72539585085906 42.367315621337184 357.33401460736604 135.97061945189489
leaf_count=107502 32426 47938 7519 116760 40980 138966 8897 20363 15975 19900 864 17948 87998 9795
internal_value=-1.3451e-10 -0.0095959 0.00553434 -0.0114111 -0.0151843 -0.02174 0.00755676 0.00473332 -0.000752373 -0.00594031 0.0104509 -0.0281257 -0.0164755 0.0067543
internal_weight=5554.12 2030.25 3523.88 373.254 1372.79 799.231 3150.62 2324.96 1188.76 573.563 1136.2 192.961 623.715 180.292
internal_count=673831 443284 230547 152022 395346 334466 78525 69628 48401 60880 21227 134708 195500 17314
is_linear=0
shrinkage=0.05


Tree=80
num_leaves=15
num_cat=0
split_feature=19 1 18 5 11 11 12 8 9 13 13 13 13 12
split_gain=113.657 52.6795 41.8281 33.0234 20.7985 17.6311 17.6054 15.3365 15.1996 17.4363 17.9114 14.748 62.1678 13.6477
threshold=0.30431982874870306 0.027421606704592708 0.80710414052009594 6.5125830173492441 0.0074350468348711738 0.0048900048714131126 0.11805555596947671 4.9052474498748788 0.86051976680755626 0.89736840128898632 0.19375000149011615 0.97368422150611889 1.0000000180025095e-35 0.93750000000000011
decision_type=2 2 2 2 2 2 2 2 2 2 2 2 2 2
left_child=2 3 5 6 7 -1 -2 -5 9 10 -4 12 13 -3
right_child=1 11 8 4 -6 -7 -8 -9 -10 -11 -12 -13 -14 -15
leaf_value=-0.038787138949567659 -0.005019248937852501 0.0069535790489866816 -0.010331164761131656 -0.012222547262269682 0.010432163957970364 -0.017018000333273692 0.0044737229231292834 -0.04463265939809296 0.010915721324279195 -0.00078808725190357464 -0.035168723316067095 0.014016025368227138 -0.031469565087355572 0.024178722850728182
leaf_weight=162.82009679628754 830.96159569032352 777.78556158292486 351.19188200010103 76.626900883609778 39.255366342211346 243.1856581786069 1169.8346818734499 75.098815001880212 102.92506058351864 350.66321520003839 89.303639297711925 1019.7087706845705 97.741987557987159 131.90971044902108
leaf_count=114910 94611 4725 80450 22725 5886 66095 88115 101921 4264 24709 58791 4767 1287 575
internal_value=4.20623e-11 0.00398481 -0.0128968 -0.00138887 -0.0209767 -0.0261137 0.000528461 -0.0291765 -0.00678316 -0.00913977 -0.0157048 0.00978402 0.0054524 0.00956981
internal_weight=5519.01 4218.92 1300.09 2191.78 190.981 406.006 2000.8 151.726 894.084 791.159 440.496 2027.15 1007.44 909.695
internal_count=673831 324612 349219 313258 130532 181005 182726 124646 168214 163950 139241 11354 6587 5300
is_linear=0
shrinkage=0.05


Tree=81
num_leaves=15
num_cat=0
split_feature=19 18 5 2 5 13 11 8 12 9 15 15 7 2
split_gain=110.962 63.9874 35.4103 36.269 31.0322 22.653 21.0724 20.3211 19.7594 14.0407 16.2071 13.9149 12.3871 11.861
threshold=0.80472412705421459 0.83888727426528942 6.5125830173492441 3.5317403078079228 3.6530514955520634 0.76696833968162548 0.016001024283468727 1.0000000180025095e-35 0.11805555596947671 0.86106070876121532 5.9202361106872567 2.8029010295867924 1.5000000000000002 20.512434005737308
decision_type=2 2 2 2 2 2 2 2 2 2 2 2 2 2
left_child=1 2 3 5 8 11 -3 -6 -2 10 -5 12 -1 -9
right_child=4 6 -4 9 7 -7 -8 13 -10 -11 -12 -13 -14 -15
leaf_value=0.016612418914902248 0.0021821573186102733 -0.0012656605322793665 -0.040429858378342481 -0.0088567179698447723 0.0068443925450820016 -0.0076378587902726572 0.012788918152793732 -0.028005282830556717 0.013868862371800142 0.0081844414767479265 0.016942565567086208 -0.040232225434177926 -0.023322512448008287 0.0024943580048580184
leaf_weight=18.781288978963858 485.49889920926944 945.04412698946908 96.324421933068152 1136.3715197780912 143.23857588367537 194.76179194938413 366.13792412535622 104.24365905159175 1437.7152112156909 157.70290801332885 59.773209189195768 154.39461222750651 139.95229483655203 43.924008252386557
leaf_count=4860 8954 67322 83815 172125 9121 26278 1940 71644 13578 16134 7236 98609 76827 15388
internal_value=1.58821e-10 -0.00585063 -0.0115638 -0.00996599 0.00863049 -0.0212992 0.00269265 -0.00648692 0.010932 -0.00565166 -0.00750233 -0.0295428 -0.0182344 -0.0191775
internal_weight=5483.86 3269.24 1958.06 1861.74 2214.62 507.89 1311.18 291.406 1923.21 1353.85 1196.14 313.128 158.734 148.168
internal_count=673831 555146 485884 402069 118685 206574 69262 96153 22532 195495 179361 180296 81687 87032
is_linear=0
shrinkage=0.05


Tree=82
num_leaves=15
num_cat=0
split_feature=19 18 5 8 19 13 12 2 13 9 5 13 13 1
split_gain=107.733 47.301 45.4068 40.401 25.6064 24.0823 19.3533 15.8974 14.341 14.2299 13.9306 13.388 62.8783 14.9304
threshold=0.42517933249473577 0.81681683659553539 4.1796958446502694 1.0000000180025095e-35 0.80472412705421459 0.97368422150611889 0.58571431040763866 18.137294769287113 0.17424242943525317 0.86827579140663158 3.2957410812377934 0.97368422150611889 0.20714285969734195 0.010309409350156786
decision_type=2 2 2 2 2 2 2 2 2 2 2 2 2 2
left_child=1 5 4 -4 -2 8 11 -5 -1 -3 -7 12 13 -6
right_child=2 9 3 7 6 10 -8 -9 -10 -11 -12 -13 -14 -15
leaf_value=-0.021401470277387022 0.0014519362028434114 -0.0050193330786338858 0.0055074684025137981 -0.038194795744330712 0.04298998565750109 -0.0040734562183191454 0.017611830254347965 -0.0077678468047896326 -0.043573826198861847 0.013866529844835468 -0.034853344151596896 0.012165833759020819 -0.044909267662830335 0.0052279701555799779
leaf_weight=340.53943437963062 1249.5412995306251 1034.9071522787508 180.19661376073054 117.71594285971514 22.615413965962944 266.89542515948415 654.60142855821323 70.763286142950165 99.400202479249856 105.49758835652028 37.998968741954741 633.69876606354956 59.615793929930078 568.74509714172746
leaf_count=138972 61557 148749 17977 104342 2511 23224 4760 33748 100861 2906 17929 7320 2922 6053
internal_value=-1.23763e-11 -0.00964841 0.00511939 -0.0113887 0.00704281 -0.0194048 0.0106322 -0.0272672 -0.0268445 -0.00321932 -0.00841 0.00702128 0.0019587 0.00702043
internal_weight=5442.73 1885.24 3557.49 368.676 3188.82 744.834 1939.28 188.479 439.94 1140.4 304.894 1284.68 650.976 591.361
internal_count=673831 432641 241190 156067 85123 280986 23566 138090 239833 151655 41153 18806 11486 8564
is_linear=0
shrinkage=0.05


Tree=83
num_leaves=15
num_cat=0
split_feature=19 18 1 5 13 12 0 2 5 11 13 13 13 5
split_gain=104.1 45.7545 42.6993 27.1813 22.2661 17.8766 15.7111 14.4713 20.8735 13.7825 13.4441 25.5432 13.2577 12.5948
threshold=0.42517933249473577 0.81681683659553539 0.027421606704592708 7.2159252166748056 0.97368422150611889 0.30952382087707525 0.013423423748463394 20.889029502868656 4.1796958446502694 0.015038444194942715 0.97368422150611889 0.20714285969734195 0.17424242943525317 3.2957410812377934
decision_type=2 2 2 2 2 2 2 2 2 2 2 2 2 2
left_child=1 4 3 5 12 7 -7 8 10 -3 11 -2 -1 -6
right_child=2 9 -4 -5 13 6 -8 -9 -10 -11 -12 -13 -14 -15
leaf_value=-0.021186951229932593 -0.004166041051241672 -0.0072187043950471255 0.010476121096399837 -0.027896440264350338 -0.0044721716665518272 0.011604373911523868 -0.0019371859962612097 0.018410383905755386 -0.03090945753544834 0.0042797076738085799 0.0042963675438511114 -0.040188626392569177 -0.042873448794379043 -0.034034519971012228
leaf_weight=338.42819047409466 319.79971594516246 737.96073713916667 1784.3850485533767 81.080304148821597 266.24381955178978 499.92648936260957 369.82599423520151 59.218383432762494 72.682069814056376 397.32728212296206 302.55516300507588 53.506235399436264 95.584201543499148 37.100025949232077
leaf_count=138972 23147 146973 9516 64281 23224 74020 6040 4454 34823 4682 11885 13024 100861 17929
internal_value=-5.57336e-10 -0.00952037 0.00503832 -0.000493286 -0.0191747 0.000910173 0.00586823 -0.00443164 -0.00634888 -0.00319338 -0.00350004 -0.00979211 -0.0263969 -0.00858101
internal_weight=5415.62 1872.64 3542.98 1758.59 737.356 1677.51 869.752 807.762 748.543 1135.29 675.861 373.306 434.012 303.344
internal_count=673831 432641 241190 231674 280986 167393 80060 87333 82879 151655 48056 36171 239833 41153
is_linear=0
shrinkage=0.05


Tree=84
num_leaves=15
num_cat=0
split_feature=19 18 5 2 5 13 8 12 11 9 0 15 5 18
split_gain=100.939 58.6735 32.3775 33.716 28.1527 20.2026 17.7028 16.587 15.8099 12.9359 14.828 12.7855 12.3792 15.2209
threshold=0.80472412705421459 0.83888727426528942 6.5125830173492441 3.5317403078079228 3.6530514955520634 0.76696833968162548 1.0000000180025095e-35 0.11805555596947671 0.015504807699471714 0.79265064001083385 0.016001024283468727 2.8029010295867924 1.1831769943237307 0.80795878171920787
decision_type=2 2 2 2 2 2 2 2 2 2 2 2 2 2
left_child=1 2 3 5 7 11 -6 -2 -3 10 -5 -1 13 -11
right_child=4 8 -4 9 6 -7 -8 -9 -10 12 -12 -13 -14 -15
leaf_value=-0.017875849431390003 0.0023813837700804126 -0.0021949567522362001 -0.039730034515152807 -0.02713021453351061 0.0061619611460322528 -0.0078087090360840841 -0.01837115021452736 0.013184894597999486 0.0089537007799319942 0.01587328673487981 0.0082899373468232149 -0.039424886520930125 -0.0072775174263709609 -0.0041831958976173813
leaf_weight=154.87501460739168 476.66101664800954 738.73671297441251 90.049720476836228 118.82145614982073 141.97996941243764 191.08158418754101 143.43976780334015 1419.9802542463221 551.33971642917822 148.94544020997637 36.213895324268378 145.87423288210812 784.31991982672662 241.42724191312664
leaf_count=81687 8954 65442 83815 39642 9121 26278 87032 13578 3820 15049 236 98609 119078 21490
internal_value=8.32965e-11 -0.0056488 -0.0111983 -0.00968291 0.00828231 -0.0208064 -0.00627135 0.0104832 0.00258582 -0.00550611 -0.0188561 -0.0288017 -0.00367174 0.00357325
internal_weight=5383.75 3201.68 1911.61 1821.56 2182.06 491.831 285.42 1896.64 1290.08 1329.73 155.035 300.749 1174.69 390.373
internal_count=673831 555146 485884 402069 118685 206574 96153 22532 69262 195495 39878 180296 155617 36539
is_linear=0
shrinkage=0.05


Tree=85
num_leaves=15
num_cat=0
split_feature=19 18 5 2 5 8 10 12 13 5 15 10 13 11
split_gain=96.8591 54.3799 30.4968 32.5356 27.1758 24.7555 19.2705 17.4652 15.7713 13.9046 17.1316 15.0349 16.867 13.5213
threshold=0.80472412705421459 0.83888727426528942 6.5125830173492441 3.5317403078079228 4.4347877502441415 1.0000000180025095e-35 0.012579114176332952 0.58571431040763866 0.76696833968162548 1.741793751716614 0.89587974548339855 0.015268065501004459 0.97368422150611889 0.015504807699471714
decision_type=2 2 2 2 2 2 2 2 2 2 2 2 2 2
left_child=1 2 3 6 7 -6 8 9 -1 11 -11 12 -2 -3
right_child=4 13 -4 -5 5 -7 -8 -9 -10 10 -12 -13 -14 -15
leaf_value=-0.025140523072935753 -0.01202540389720015 -0.0020569327325726853 -0.039038688546369715 -0.005362341807365674 0.0082660893245431275 -0.02349928991847006 -0.05990164232375661 0.016721970549117417 -0.0060899757431808589 -0.028117693299557812 0.0034565139996616521 0.016945117591830587 0.013685852840156838 0.0082829277540256412
leaf_weight=277.38995716550289 116.45103746125824 733.1025197939889 87.381697931410599 1320.1217204853401 118.46893794795324 118.03400008611607 25.053010168710898 653.00125320280858 183.15002499480761 41.548007156670792 553.3749442234548 440.85092426066694 129.42146498436341 548.91978191541421
leaf_count=178349 3710 65442 83815 195495 8448 85982 2195 4932 26030 1124 10570 1997 1922 3820
internal_value=-4.46378e-11 -0.00556201 -0.0109361 -0.00947208 0.00812805 -0.00774569 -0.0204762 0.0100835 -0.0177112 0.00664936 0.00103548 0.0114701 0.00151142 0.00238523
internal_weight=5346.27 3175.12 1893.1 1805.71 2171.15 236.503 485.593 1934.65 460.54 1281.65 594.923 686.723 245.873 1282.02
internal_count=673831 555146 485884 402069 118685 94430 206574 24255 204379 19323 11694 7629 5632 69262
is_linear=0
shrinkage=0.05


Tree=86
num_leaves=15
num_cat=0
split_feature=19 5 8 18 19 12 11 11 16 5 2 13 13 8
split_gain=93.3031 40.3993 37.3842 34.9917 32.2863 16.0201 15.9838 15.9698 14.4975 13.6151 13.2585 12.7254 28.6308 16.85
threshold=0.30431982874870306 5.3525319099426278 1.0000000180025095e-35 0.80710414052009594 0.80472412705421459 0.58571431040763866 0.014389234129339458 0.0048900048714131126 3.5119047164916997 1.741793751716614 16.211584091186527 0.97368422150611889 0.15587044507265094 8.5935683250427264
decision_type=2 2 2 2 2 2 2 2 2 2 2 2 2 2
left_child=3 4 -3 7 6 9 -2 -1 -8 11 -4 12 13 -6
right_child=1 2 10 -5 5 -7 8 -9 -10 -11 -12 -13 -14 -15
leaf_value=-0.037188099745580627 -0.0037464217535296443 0.0046079119724588479 -0.045333539915119542 -0.0063260670661062952 0.018383300787716439 0.015667626536047582 -0.019742505159852548 -0.015746396928483265 0.0075750163127224646 0.0008150500128100152 -0.013515238080358325 0.017633093739068167 -0.038262037519853208 -0.0054536418379813375
leaf_weight=149.26864967776692 1067.2336377269712 129.64580874219973 78.629400038639687 854.05531952674392 179.13898061825603 671.21982596184898 47.381441884121159 231.09513386105027 706.0138468590194 627.44983541777765 63.480512781472498 347.99628183507593 31.117107023863355 121.01249908922182
leaf_count=114910 122007 18232 100343 168214 1617 6043 589 66095 6336 14529 48904 2757 1276 1979
internal_value=-2.9495e-10 0.00365347 -0.0148012 -0.0120129 0.00499147 0.00940555 0.000183368 -0.0245342 0.00573817 0.00614145 -0.0320627 0.0110196 0.00391336 0.00884104
internal_weight=5304.74 4070.32 271.756 1234.42 3798.56 1977.93 1820.63 380.364 753.395 1306.71 142.11 679.265 331.269 300.151
internal_count=673831 324612 167479 349219 157133 28201 128932 181005 6925 22158 149247 7629 4872 3596
is_linear=0
shrinkage=0.05


Tree=87
num_leaves=15
num_cat=0
split_feature=19 12 18 5 5 19 5 5 7 9 2 15 15 13
split_gain=90.4872 39.8532 33.2285 30.6224 24.0033 17.8039 18.6127 16.8648 14.8234 16.9222 14.3786 12.317 12.6779 11.8307
threshold=0.30431982874870306 0.30952382087707525 0.83142250776290905 5.3525319099426278 7.3078691959381112 0.80026847124099743 2.1409264802932744 2.416736483573914 1.5000000000000002 0.79703298211097728 18.35639572143555 5.5432205200195321 3.4175922870635991 0.97368422150611889
decision_type=2 2 2 2 2 2 2 2 2 2 2 2 2 2
left_child=2 3 7 10 5 -3 -7 8 -1 -10 -2 12 -8 -14
right_child=1 4 -4 -5 -6 6 11 -9 9 -11 -12 -13 13 -15
leaf_value=0.015130313753318692 -0.0025815078353262897 0.0028981603268502919 -0.001582828176817204 -0.029628113592028046 -0.027958511418757815 0.016431360333364464 0.0084935449232846263 -0.034775556877999547 -0.035208534531987828 -0.012617267212547027 0.012080540876791356 0.025345778926065744 -0.019396795634306331 0.0039029612038818232
leaf_weight=35.179331210058081 1332.0385869890597 937.80238884641949 479.95695452624204 92.730594887114421 41.762852446371653 861.90606201549963 329.25747670053715 128.40228235954328 98.799764093308113 483.44618460257243 186.1300957500498 60.880985788571707 97.399358960632526 113.49145872780446
leaf_count=8234 97239 65710 60471 69730 36519 6482 25637 72922 61267 146325 3069 2848 9299 8079
internal_value=-2.25787e-10 0.0036015 -0.0118756 -0.00249904 0.00762186 0.00829763 0.0117373 -0.0184446 -0.0147963 -0.0167179 -0.00075016 0.00492564 0.0024127 -0.00705797
internal_weight=5279.18 4053.4 1225.78 1610.9 2442.5 2400.74 1462.94 745.828 617.425 582.246 1518.17 601.029 540.148 210.891
internal_count=673831 324612 349219 170038 154574 118055 52345 288748 215826 207592 100308 45863 43015 17378
is_linear=0
shrinkage=0.05


Tree=88
num_leaves=15
num_cat=0
split_feature=19 18 5 8 12 13 2 13 18 19 5 5 11 9
split_gain=86.1015 37.8679 34.3554 33.7151 21.2526 19.0887 13.7468 13.1644 12.9274 12.1964 11.8331 11.7853 13.2473 11.5025
threshold=0.42517933249473577 0.81681683659553539 4.1796958446502694 1.0000000180025095e-35 0.30952382087707525 0.97368422150611889 18.137294769287113 0.17424242943525317 0.87700784206390392 0.80026847124099743 1.3837250471115115 7.3078691959381112 0.0082305916585028189 0.86106070876121532
decision_type=2 2 2 2 2 2 2 2 2 2 2 2 2 2
left_child=1 5 4 11 13 7 -5 -1 -3 -6 -11 12 -4 -2
right_child=2 8 3 6 9 -7 -8 -9 -10 10 -12 -13 -14 -15
leaf_value=-0.019586648636652482 -0.001810358440407666 -0.0042851802573809997 0.015978767268498804 -0.03610720570934927 0.003682642083017159 -0.0079545284657530479 -0.0069812803076769684 -0.041913958688808685 0.020028596443785421 0.018116765139035464 0.0083072058494005827 -0.024681302312354152 -0.025102802508583356 0.0094384882941796026
leaf_weight=320.04823277197283 888.80204600833531 1049.4670834305616 135.34300863104727 107.19612770666117 607.64417135486656 292.75589738494091 67.899916266211221 87.705460685147955 52.745526802529639 522.11110797502624 779.3642061150058 23.232616698893253 18.239292644953821 299.8178568425792
leaf_count=138972 45889 150749 12910 104342 20581 41153 33748 100861 906 3554 9118 4424 643 5981
internal_value=-1.97123e-11 -0.00884139 0.00462646 -0.0100801 0.00631071 -0.0178889 -0.02532 -0.0248387 -0.00303647 0.0095718 0.0122968 0.00529285 0.0104623 0.00105471
internal_weight=5252.37 1802.72 3449.65 351.911 3097.74 700.51 175.096 407.754 1102.21 1909.12 1301.48 176.815 153.582 1188.62
internal_count=673831 432641 241190 156067 85123 280986 138090 239833 151655 33253 12672 17977 13553 51870
is_linear=0
shrinkage=0.05


Tree=89
num_leaves=15
num_cat=0
split_feature=19 9 13 13 5 5 2 15 11 12 13 13 9 15
split_gain=82.9979 45.1382 34.6132 47.6265 27.821 20.6192 18.168 15.596 15.3982 14.369 15.9178 52.007 14.3086 13.4697
threshold=0.6492956578731538 0.85677316784858715 0.89736840128898632 0.18465909361839297 2.9309395551681523 3.2957410812377934 5.3055641651153573 2.8617925643920903 0.016261236742138866 0.77500000596046459 0.97368422150611889 0.26136364042758947 0.82243952155113231 5.5740516185760507
decision_type=2 2 2 2 2 2 2 2 2 2 2 2 2 2
left_child=1 2 3 6 9 13 7 -1 -3 10 11 -2 -6 -4
right_child=4 8 5 -5 12 -7 -8 -9 -10 -11 -12 -13 -14 -15
leaf_value=-0.0088249346931586186 0.0066599428574057934 0.0012161514699224655 -0.0025570762052664064 -0.036714451089988435 -0.029215039627974417 -0.036641664762964536 -0.0047601222873206693 -0.029577219590964467 0.019765651056057324 0.019062148971239791 0.0122114867702511 -0.033742704248288367 -0.0012954774216753049 0.020302621776300784
leaf_weight=191.79284832210033 769.29466872218109 596.98051635368211 795.05966444272053 211.13974518193481 46.795681443486501 36.90621672429188 557.35337126015474 177.54086075293162 132.90002150168584 309.19521174560941 842.28535769408336 83.806087711127475 407.40664192339318 65.090834869421087
leaf_count=65903 11548 68527 53753 157832 18099 15708 82226 78712 719 1811 9652 4618 101419 3304
internal_value=-1.17024e-11 -0.00593862 -0.00975858 -0.01553 0.00667614 -0.00239264 -0.0105321 -0.0190625 0.00470523 0.00920393 0.00735528 0.00251742 -0.00445877 -0.000719858
internal_weight=5223.55 2764.76 2034.88 1137.83 2458.78 897.057 926.687 369.334 729.881 2004.58 1695.39 853.101 454.202 860.15
internal_count=673831 526684 457438 384673 147147 72765 226841 144615 69246 27629 25818 16166 119518 57057
is_linear=0
shrinkage=0.05


Tree=90
num_leaves=15
num_cat=0
split_feature=19 9 13 13 5 5 2 9 12 13 13 15 9 16
split_gain=80.45 42.6221 27.0771 27.6519 26.3592 24.8491 16.1098 13.4347 13.3349 12.7188 47.5684 12.7182 12.4238 14.3234
threshold=0.6492956578731538 0.83983245491981517 0.89736840128898632 0.18465909361839297 2.9309395551681523 2.5044574737548833 4.8347685337066659 0.82243952155113231 0.81666666269302379 0.97368422150611889 0.20714285969734195 5.3775877952575692 0.87470939755439769 4.9778270721435556
decision_type=2 2 2 2 2 2 2 2 2 2 2 2 2 2
left_child=1 2 3 6 8 -3 -1 -6 9 10 -2 -4 -7 -14
right_child=4 5 11 -5 7 12 -8 -9 -10 -11 -12 -13 13 -15
leaf_value=-0.02256049741044162 0.0069104927672599889 0.0038597972232418858 -0.006181839297490342 -0.03661621801426386 -0.028420599278576947 -0.017349164337086033 -0.0063204697924929797 -0.0012155549860329436 0.018823783882660081 0.011641918228853835 -0.031918120234274032 0.018924526566902033 -0.019344912595301106 0.023584692261012251
leaf_weight=264.23254648318471 771.50969355395864 1082.4665507467362 513.19521527928373 157.89511396266607 46.158269890829615 241.7460721089501 365.97877029846677 406.56486938580383 294.34975719491194 845.91435712113162 82.832454568473622 51.019351213401023 28.427943922954 41.944896480912575
leaf_count=120234 11534 59607 47542 140063 18099 67230 67991 101419 1703 9723 4669 3586 9971 10460
internal_value=-1.48222e-10 -0.0058685 -0.0121759 -0.0181355 0.0065854 0.000269424 -0.0132535 -0.00426946 0.00905368 0.00731203 0.00298207 -0.00376529 -0.012047 0.0061099
internal_weight=5194.24 2746.91 1352.32 788.106 2447.33 1394.59 630.211 452.723 1994.61 1700.26 854.342 564.215 312.119 70.3728
internal_count=673831 526684 379416 328288 147147 147268 188225 119518 27629 25926 16203 51128 87661 20431
is_linear=0
shrinkage=0.05


Tree=91
num_leaves=15
num_cat=0
split_feature=19 18 5 5 5 9 9 12 16 13 13 3 15 2
split_gain=77.7966 37.0597 28.4388 20.8481 19.2061 17.4124 14.9855 14.1871 15.1887 12.3861 14.1519 13.0136 10.8219 10.5225
threshold=0.49373689293861395 0.82266083359718334 1.9296561479568484 6.1446294784545907 7.2159252166748056 0.85577082633972179 0.81077250838279735 0.38750000298023229 4.6286797523498544 0.89736840128898632 0.17424242943525317 0.36378239095211035 5.3775877952575692 16.518946647644047
decision_type=2 2 2 2 2 2 2 2 2 2 2 2 2 2
left_child=1 3 7 5 6 9 -4 13 -9 10 11 -1 -11 -2
right_child=2 -3 4 -5 -6 -7 -8 8 -10 12 -12 -13 -14 -15
leaf_value=-0.023004933919770973 0.0017312582045394731 -0.001498328037652099 -0.01901518103829038 -0.044043562569706929 -0.024944692323061457 0.0078548502123378834 0.0026180464570099075 -0.0032085308077180194 0.016989729319006244 -0.010555917182479699 -0.037905228096861109 -0.0034230290529032844 0.019141247856124713 0.014728326263414387
leaf_weight=224.84751709546435 629.2471028498112 1182.8228711937609 80.39294496682669 53.20284128235653 68.617793524573244 88.429017875680074 1279.1581282945062 105.67956300034712 695.22217110155907 301.69197557670122 90.970032508312215 137.65450724762377 29.492508382565575 202.68578528818034
leaf_count=105465 19111 130234 13535 58154 58342 10387 103441 1246 6748 30040 104380 28624 2273 1851
internal_value=-1.43555e-10 -0.00737909 0.00508813 -0.0148402 -6.84845e-05 -0.01282 0.00127384 0.00958484 0.0143212 -0.0151849 -0.0205328 -0.0157168 -0.00766599 0.00496684
internal_weight=5170.11 2109.11 3061 926.288 1428.17 873.086 1359.55 1632.83 800.902 784.657 453.472 362.502 331.184 831.933
internal_count=673831 469557 204274 339323 175318 281169 116976 28956 7994 270782 238469 134089 32313 20962
is_linear=0
shrinkage=0.05


Tree=92
num_leaves=15
num_cat=0
split_feature=19 18 5 2 5 8 10 13 12 1 10 15 9 0
split_gain=75.7214 46.2994 25.7362 26.3664 20.3457 21.7762 16.5347 13.4302 13.2919 14.3075 19.4226 12.523 11.6948 12.9156
threshold=0.80472412705421459 0.83888727426528942 6.5125830173492441 3.5317403078079228 4.4347877502441415 1.0000000180025095e-35 0.012121656909585001 0.76696833968162548 0.77500000596046459 0.01010113535448909 0.01197647722437978 2.8029010295867924 0.79265064001083385 0.016261236742138866
decision_type=2 2 2 2 2 2 2 2 2 2 2 2 2 2
left_child=1 2 3 6 8 -6 7 11 9 -2 -11 -1 13 -5
right_child=4 -3 -4 12 5 -7 -8 -9 -10 10 -12 -13 -14 -15
leaf_value=-0.012180876180974815 0.028112085651898683 0.0023871551259701182 -0.037400436621699229 -0.024232154730220518 0.0083723642138652746 -0.022022661685192228 -0.054949518086573362 -0.0053666484488927996 0.018059686392159907 -0.010271850113250975 0.0079333493225375376 -0.034844093321355303 -0.0032888941601528806 0.015311109897805028
leaf_weight=133.13866794984915 71.833949371648487 1246.3096269108391 78.033552221181708 124.02567028644444 115.37606581026921 111.35569957505959 25.891796447245724 174.45653522586326 332.22113635948335 160.71029559879389 1299.3072696949675 122.20711041484719 1125.7737952768148 21.046904567570891
leaf_count=80435 6438 69262 83815 39776 8448 85982 2788 25966 2268 5672 9877 97385 155617 102
internal_value=-1.302e-10 -0.00502009 -0.0101283 -0.00879124 0.00731977 -0.00670875 -0.0190487 -0.016279 0.00903948 0.00703083 0.00590121 -0.0234882 -0.00505293 -0.0181763
internal_weight=5141.69 3050.88 1804.57 1726.54 2090.8 226.732 455.694 429.802 1864.07 1531.85 1460.02 255.346 1270.85 145.073
internal_count=673831 555146 485884 402069 118685 94430 206574 203786 24255 21987 15549 177820 195495 39878
is_linear=0
shrinkage=0.05


Tree=93
num_leaves=15
num_cat=0
split_feature=19 12 18 5 5 11 19 5 2 11 15 16 15 9
split_gain=74.4687 34.385 30.3988 25.2234 19.1986 13.0949 12.9713 13.9969 11.3045 10.3223 13.5635 10.2278 11.5082 13.1741
threshold=0.30431982874870306 0.30952382087707525 0.80710414052009594 5.3525319099426278 7.3078691959381112 0.0048900048714131126 0.80026847124099743 2.0060241222381596 18.35639572143555 0.014389234129339458 1.7005987167358401 4.6525332927703866 1.8688347935676577 0.88722023367881786
decision_type=2 2 2 2 2 2 2 2 2 2 2 2 2 2
left_child=2 3 5 8 6 -1 9 11 -2 -3 -11 -8 13 -13
right_child=1 4 -4 -5 -6 -7 7 -9 -10 10 -12 12 -14 -15
leaf_value=-0.035347193134306537 -0.0025265014425853612 -0.0025021391681896796 -0.005659666443002768 -0.027989077289665182 -0.025792418375963234 -0.015090937997734359 0.0010975267533231726 0.0051252044327543102 0.010699139771793455 -0.01007397316522049 0.011868940230972074 0.010353684831557193 0.020010497596876817 -0.033510445998961927
leaf_weight=134.41027632695568 1296.1729233716815 440.18613203076166 819.79591891616565 86.180002780758514 38.896327495725018 220.97514727736143 112.17991092146258 642.96056765530284 179.50564736218803 81.402840947986988 396.21219528630172 72.811133417664678 580.00725298910402 16.947599601538968
leaf_count=114910 97239 61372 168214 69730 36519 66095 984 46420 3069 898 3440 623 4151 167
internal_value=-6.36494e-12 0.00329394 -0.0110203 -0.00246698 0.00706921 -0.0231362 0.00766859 0.0106482 -0.000887001 0.00300999 0.00806345 0.0151282 0.0174526 0.000740387
internal_weight=5118.64 3943.46 1175.18 1561.86 2381.6 355.385 2342.71 1424.91 1475.68 917.801 477.615 781.946 669.766 89.7587
internal_count=673831 324612 349219 170038 154574 181005 118055 52345 100308 65710 4338 5925 4941 790
is_linear=0
shrinkage=0.05


Tree=94
num_leaves=15
num_cat=0
split_feature=19 18 5 9 13 13 12 11 13 5 2 18 11 13
split_gain=71.3388 32.0535 28.3034 21.6961 20.49 75.461 18.5144 16.5903 15.5244 15.2733 12.844 12.8277 12.3274 11.0147
threshold=0.42517933249473577 0.81681683659553539 2.9309395551681523 0.82243952155113231 0.97368422150611889 1.0000000180025095e-35 0.73214286565780651 0.0084389690309762972 0.97368422150611889 7.1400539875030526 13.522214889526369 0.87700784206390392 0.0074350468348711738 0.17424242943525317
decision_type=2 2 2 2 2 2 2 2 2 2 2 2 2 2
left_child=1 8 4 -4 5 6 -2 9 13 -5 -7 -3 -11 -1
right_child=2 11 3 7 -6 10 -8 -9 -10 12 -12 -13 -14 -15
leaf_value=-0.018475981579738562 0.003524721974039734 -0.0040919186265223053 -0.032265801863614385 0.007389333988897618 0.010620155395082187 -0.042806294697950158 0.020573262756414471 -0.017900466662767098 -0.0077146032837992571 -0.030505676321473735 -0.012032216427067267 0.020292573586865481 0.014133906825702779 -0.04000051759659113
leaf_weight=305.82474301162256 1052.4343140144338 1017.9742441545222 63.341532334490694 322.70161431507404 1392.8816655414303 87.923402317346699 183.37509142571798 122.56470579645611 284.24353227475876 48.351972492286222 61.60609708611446 52.009873274517304 18.335011395598485 77.529346576743592
leaf_count=138972 31266 150749 28243 77715 23456 14567 1478 3707 41153 55787 2073 906 2898 100861
internal_value=8.38026e-11 -0.00820877 0.00425916 -0.00579841 0.00634849 0.00203082 0.00612717 -0.00224332 -0.016764 0.00284941 -0.0309269 -0.00281776 -0.0181026 -0.023288
internal_weight=5091.1 1737.58 3353.52 575.295 2778.22 1385.34 1235.81 511.953 667.598 389.389 149.529 1069.98 66.687 383.354
internal_count=673831 432641 241190 168350 72840 49384 32744 140107 280986 136400 16640 151655 58685 239833
is_linear=0
shrinkage=0.05


Tree=95
num_leaves=15
num_cat=0
split_feature=2 5 8 19 13 9 9 2 11 7 8 2 15 15
split_gain=69.1522 37.2823 40.8322 28.5249 23.609 24.1975 18.8267 15.3416 12.7329 15.0816 16.2231 11.4401 10.9096 12.9733
threshold=5.248507261276246 4.2830162048339853 1.0000000180025095e-35 0.80472412705421459 0.89736840128898632 0.85429841279983532 0.86106070876121532 18.137294769287113 0.0055402088910341271 1.5000000000000002 5.2122108936309823 14.011138916015627 5.4617087841033944 5.0657496452331552
decision_type=2 2 2 2 2 2 2 2 2 2 2 2 2 2
left_child=4 3 11 6 5 8 12 -4 -1 -10 -11 -3 13 -2
right_child=1 2 7 -5 -6 -7 -8 -9 9 10 -12 -13 -14 -15
leaf_value=-0.037346420149236441 -0.0032093674805976401 -0.01282143318896839 -0.038602088951329119 0.0087713918169682725 -0.0028192562831101634 0.0055586031009350854 0.0077214707351941931 -0.0076323056447646798 0.012300003119590314 -0.04781272818633539 -0.015977034679499163 0.013242996509519376 0.011436073359710038 -0.027245802346375799
leaf_weight=123.07523661955383 1252.5372752182448 58.745590023982004 122.32038901339911 1797.960063542585 379.71749779646962 82.071451877332947 570.95094122921 62.56914317202245 33.570120567826962 45.682833953416775 250.10816915285977 120.28456547621317 115.42569274800917 53.934883688350965
leaf_count=152854 117158 15900 129874 22349 37841 15021 17184 33953 6439 17544 82347 9465 10004 5898
internal_value=3.57516e-10 0.00274261 -0.0124382 0.00421444 -0.012411 -0.0191358 9.14774e-05 -0.0285984 -0.0236271 -0.0180187 -0.0216069 0.00457443 -0.0029886 -0.00430175
internal_weight=5068.95 4154.73 363.92 3790.81 914.225 534.508 1992.85 184.89 452.436 329.361 295.791 179.03 1421.9 1306.47
internal_count=673831 361785 189192 172593 312046 274205 150244 163827 259184 106330 99891 25365 133060 123056
is_linear=0
shrinkage=0.05


Tree=96
num_leaves=15
num_cat=0
split_feature=19 5 18 12 9 11 0 5 11 8 19 15 13 7
split_gain=66.0922 30.9647 25.9863 23.3577 20.3463 13.4405 16.1681 13.0109 12.9902 11.4739 11.2753 13.327 10.7545 9.87147
threshold=0.30431982874870306 2.9309395551681523 0.80710414052009594 0.30952382087707525 0.82243952155113231 0.0082305916585028189 0.0076046728063374766 5.5277178287506112 0.0048900048714131126 1.0000000180025095e-35 0.80026847124099743 1.4978661537170412 0.97368422150611889 2.5000000000000004
decision_type=2 2 2 2 2 2 2 2 2 2 2 2 2 2
left_child=2 3 8 -2 -3 6 7 -6 -1 -9 11 -5 -13 -8
right_child=1 4 -4 10 5 -7 13 9 -10 -11 -12 12 -14 -15
leaf_value=-0.03436475152949145 -4.353299957185453e-05 -0.030770842217462676 -0.0055361708999383417 -0.011573739739987293 0.0043115724288964744 -0.016494681506199042 -0.003235032506874218 -0.0038238627065689673 -0.013878912143486419 -0.037401500319251976 0.011715046390377034 -0.00022110674265754562 0.012392666283319254 0.018173292674930352
leaf_weight=128.41310649723073 1326.8386499124845 74.020702377005364 808.78332393250457 113.74943413034271 88.414190414991026 143.32360465588135 84.615709850126223 49.998530488010147 214.85919272565297 49.623642869518335 1149.3248288696232 312.20342804039319 362.91548477299511 136.96484755558049
leaf_count=114910 84382 35676 168214 5488 14527 5333 10173 12729 66095 105815 10304 17697 9971 12517
internal_value=-2.87945e-10 0.00311557 -0.0104933 0.00507027 -0.00702349 -0.00359723 0.00106003 -0.00958654 -0.0219257 -0.0215376 0.00856215 0.00392375 0.00660078 0.010107
internal_weight=5044.05 3891.99 1152.06 3265.03 626.961 552.941 409.617 188.036 343.272 99.6222 1938.19 788.868 675.119 221.581
internal_count=673831 324612 349219 127842 196770 161094 155761 133071 181005 118544 43460 33156 27668 22690
is_linear=0
shrinkage=0.05


Tree=97
num_leaves=15
num_cat=0
split_feature=19 9 5 13 13 5 2 15 9 8 10 5 12 13
split_gain=63.5724 36.0342 27.6026 24.1355 36.0629 22.7971 14.3568 12.7234 11.8651 11.6217 11.52 11.1499 10.8424 13.3313
threshold=0.6492956578731538 0.85577082633972179 3.2957410812377934 0.89736840128898632 0.18465909361839297 2.9309395551681523 5.8261864185333261 0.89587974548339855 0.79200059175491344 9.3003182411193865 0.013423423748463394 6.4502704143524179 0.64583334326744091 0.97368422150611889
decision_type=2 2 2 2 2 2 2 2 2 2 2 2 2 2
left_child=1 2 3 4 6 12 7 -1 -8 11 -7 -3 13 -2
right_child=5 9 -4 -5 -6 10 8 -9 -10 -11 -12 -13 -14 -15
leaf_value=0.0062252695750963042 0.00097683980140162471 0.0089654858636863451 -0.032977286326282405 -0.0010774647452034957 -0.033016385282552012 5.5951173141372028e-05 -0.032740039982059287 -0.019453516522095989 5.4282409194819779e-05 -0.0072465047458753293 -0.01912353905939761 -0.023401843205962662 0.014123057795479075 0.010782694297633344
leaf_weight=54.708821369094949 700.49037196754944 545.06821417680294 107.99230546785657 818.52436135370226 174.36190262926721 341.99175991659376 24.510843539212146 303.87877600058255 421.55370499868513 171.42702330422071 96.526042917226732 23.249648025535862 556.87425071781763 683.23432828906516
leaf_count=15983 14996 24875 69571 56388 139561 117530 7227 123327 41795 20264 1988 27693 4126 8507
internal_value=1.10138e-10 -0.00532904 -0.0089585 -0.00742803 -0.0127051 0.00592397 -0.00812708 -0.015504 -0.00209068 0.00401756 -0.00433381 0.00744881 0.0082471 0.00584001
internal_weight=5024.39 2645.28 1905.53 1797.54 979.014 2379.12 804.652 358.588 446.065 739.745 438.518 568.318 1940.6 1383.72
internal_count=673831 526684 453852 384281 327893 147147 188332 139310 49022 72832 119518 52568 27629 23503
is_linear=0
shrinkage=0.05


Tree=98
num_leaves=15
num_cat=0
split_feature=19 5 18 19 9 9 10 11 0 11 5 1 8 12
split_gain=61.1423 28.4256 22.9845 21.8237 18.5611 12.4747 12.4416 12.322 11.9947 13.602 11.941 11.4342 10.7603 10.3146
threshold=0.30431982874870306 2.9309395551681523 0.80710414052009594 0.80472412705421459 0.82243952155113231 0.84574913978576671 0.013423423748463394 0.006006060168147088 0.0076046728063374766 0.0091326101683080214 5.5277178287506112 0.023165294900536541 1.0000000180025095e-35 0.77500000596046459
decision_type=2 2 2 2 2 2 2 2 2 2 2 2 2 2
left_child=2 3 7 5 -3 -2 8 -1 10 -10 -6 -11 -12 -5
right_child=1 4 -4 13 6 -7 -8 -9 9 11 12 -13 -14 -15
leaf_value=-0.031540372086732646 -0.0040663480108466578 -0.02973667409242374 -0.0054943921719653888 0.0069948468375773849 0.0039897915259709867 0.0048055393529100286 -0.018500272286095739 -0.011918663713140824 0.014106023604962534 -0.031585651148006287 -0.0038299788311143869 0.0068271888221811648 -0.036727551115696554 0.01731962024709658
leaf_weight=150.62053501906939 738.00471102730808 72.209446321168798 802.22021037765171 1368.8098781781664 87.836429598097311 844.05907270366151 105.605578138704 185.62749395039737 187.34798272823627 30.849374588528008 49.572989245421923 39.049906088388525 47.625532096285497 294.02559842653864
leaf_count=136653 78103 35676 168214 17845 14527 30155 2059 44352 22258 3019 12729 687 105815 1739
internal_value=3.47745e-11 0.00300143 -0.0101582 0.0048763 -0.00677004 0.000667189 -0.00350158 -0.0210415 0.000246498 0.0071752 -0.00932156 -0.0111028 -0.0209574 0.00886694
internal_weight=5003.46 3865 1138.47 3244.9 620.097 1582.06 547.888 336.248 442.282 257.247 185.035 69.8993 97.1985 1662.84
internal_count=673831 324612 349219 127842 196770 108258 161094 181005 159035 25964 133071 3706 118544 19584
is_linear=0
shrinkage=0.05


Tree=99
num_leaves=15
num_cat=0
split_feature=2 5 8 12 13 9 2 11 5 1 13 13 13 9
split_gain=59.6192 33.1188 37.6461 25.4389 21.3176 20.6193 13.6125 13.2894 14.8849 12.5484 14.7635 12.9379 17.1695 12.3595
threshold=5.248507261276246 4.2830162048339853 1.0000000180025095e-35 0.30952382087707525 0.89736840128898632 0.85429841279983532 20.889029502868656 0.015749008394777778 1.3025730252265932 0.0091744069941341894 0.19375000149011615 0.97368422150611889 0.36931818723678594 0.86106070876121532
decision_type=2 2 2 2 2 2 2 2 2 2 2 2 2 2
left_child=4 3 -3 13 5 -1 -4 9 -9 10 -5 12 -11 -2
right_child=1 2 6 7 -6 -7 -8 8 -10 11 -12 -13 -14 -15
leaf_value=-0.022490398213554287 -0.0034025885420316086 0.004373237542392161 -0.034856785366783258 0.049780270384677916 -0.0025352456582410799 0.0047346907161167195 -0.00095620128381946961 0.020818114964645522 0.0063006825965135063 0.0011702885316168953 0.0064975133385275028 0.0080391630124733663 -0.025011597201309445 0.0075051910891078995
leaf_weight=435.54258278284397 1193.1303691725061 176.75693368534849 139.83737192529952 27.603779405842943 373.14150726299704 80.733080386829897 37.58267112462454 323.05189920831253 396.29571312456756 611.76196455825993 54.382517585909227 741.098317175376 64.713525595168903 326.64093341101398
leaf_count=259184 102345 25365 145817 9560 37841 15021 18010 1515 2291 17552 11184 14807 5535 7804
internal_value=-2.39574e-10 0.00255273 -0.0119563 0.00394135 -0.0116956 -0.0182285 -0.0278987 0.00734872 0.012919 0.00464256 0.023094 0.00349799 -0.00149948 -0.00104128
internal_weight=4982.27 4092.86 354.177 3738.68 889.417 516.276 177.42 2218.91 719.348 1499.56 81.9863 1417.57 676.475 1519.77
internal_count=673831 361785 189192 172593 312046 274205 163827 62444 3806 58638 20744 37894 23087 110149
is_linear=0
shrinkage=0.05


Tree=100
num_leaves=15
num_cat=0
split_feature=19 9 13 13 5 5 9 2 12 8 15 5 11 15
split_gain=58.9895 32.7269 24.4438 36.5803 19.5674 16.0768 15.3778 11.3256 10.287 10.1359 10.0416 9.61362 11.107 9.35663
threshold=0.6492956578731538 0.85677316784858715 0.89736840128898632 0.18465909361839297 2.9309395551681523 3.2957410812377934 0.7868008315563203 5.8261864185333261 0.11805555596947671 9.3003182411193865 5.5740516185760507 5.7895598411560067 0.0077822189778089532 0.89587974548339855
decision_type=2 2 2 2 2 2 2 2 2 2 2 2 2 2
left_child=1 2 3 6 8 10 -1 13 -2 11 -4 -3 -13 -8
right_child=4 9 5 -5 -6 -7 7 -9 -10 -11 -12 12 -14 -15
leaf_value=-0.034682407218573651 0.002122651919012352 0.0089975587673618417 -0.0024410280547282103 -0.033719330491610008 -0.0038258837027805048 -0.034244563180491606 0.0047136971463389056 -0.002417677033924735 0.010228852512550589 -0.0067324489346186796 0.017656619116797126 -0.034558567920053206 0.02458736404323459 -0.01782671863118665
leaf_weight=51.080696443579654 552.35954041037621 508.34270867928353 762.12028744600684 182.76810832879528 433.02621071955946 32.62537265890569 52.423738297149612 473.73706445263815 1364.264316589888 162.92208098429819 62.640960507706041 21.95559694708118 7.1343384925858109 288.85427767842521
leaf_count=28971 12561 18738 53753 157832 119518 15708 14961 66690 15068 19080 3304 30016 1412 116219
internal_value=-1.54165e-10 -0.00517431 -0.00856421 -0.0136656 0.00573896 -0.00228055 -0.00926445 -0.00746963 0.0079043 0.00404776 -0.000817406 0.00734771 -0.0185743 -0.0143462
internal_weight=4956.26 2606.61 1906.25 1048.86 2349.65 857.387 866.096 815.015 1916.62 700.355 824.761 537.433 29.0899 341.278
internal_count=673831 526684 457438 384673 147147 72765 226841 197870 27629 69246 57057 50166 31428 131180
is_linear=0
shrinkage=0.05


Tree=101
num_leaves=15
num_cat=0
split_feature=2 5 8 19 13 13 9 9 2 15 2 19 2 5
split_gain=56.6506 29.3105 35.3896 23.6504 20.3584 19.1365 16.9278 14.4388 13.8048 13.0677 10.7129 10.1281 9.94094 10.0472
threshold=5.248507261276246 4.2830162048339853 1.0000000180025095e-35 0.80472412705421459 0.89736840128898632 0.17424242943525317 0.84488680958747875 0.85677316784858715 20.889029502868656 2.8617925643920903 8.0275640487670916 0.35121402144432073 14.011138916015627 7.3078691959381112
decision_type=2 2 2 2 2 2 2 2 2 2 2 2 2 2
left_child=4 3 12 7 5 6 9 -2 -4 -1 -9 -12 -3 -14
right_child=1 2 8 -5 -6 -7 -8 10 -10 -11 11 -13 13 -15
leaf_value=-0.0086167040160215168 -0.0031646837981758771 -0.012033759915580524 -0.034133360737404438 0.0079903601576915007 -0.0025385768292812698 -0.036862116132420013 0.0036636349006004391 0.017370650237566228 4.1759070722904805e-05 -0.030057037359745489 -0.024442231728517103 0.0041463591043783945 0.017873098265146294 -0.022523668324948565
leaf_weight=154.04982909767023 1263.7057795843039 56.655196743748093 135.89643353823521 1760.7662583432939 370.46052928339031 102.66319854005815 111.72254801054441 150.67958555003133 37.37612188793355 136.72531444432752 28.018575598260213 506.41995418555234 105.72771329200623 13.508156748881445
leaf_count=61313 127737 15900 145817 22349 37841 120470 19999 6717 18010 72423 1380 14410 6869 2596
internal_value=-2.33477e-10 0.00249142 -0.0112583 0.00379902 -0.011497 -0.0179775 -0.0127674 1.3748e-06 -0.0269671 -0.0190358 0.00582181 0.00243491 0.0045344 0.0125743
internal_weight=4934.38 4058.75 349.164 3709.59 875.621 505.161 402.498 1948.82 173.273 290.775 685.118 534.439 175.891 119.236
internal_count=673831 361785 189192 172593 312046 274205 153735 150244 163827 133736 22507 15790 25365 9465
is_linear=0
shrinkage=0.05


Tree=102
num_leaves=15
num_cat=0
split_feature=19 12 18 5 5 13 13 1 5 1 11 5 15 16
split_gain=55.7153 25.5045 20.4064 19.9942 14.4063 11.2372 49.7908 17.4056 15.4765 11.0198 10.6746 9.66022 17.5291 9.3266
threshold=0.30431982874870306 0.30952382087707525 0.80710414052009594 5.3525319099426278 7.3078691959381112 0.97368422150611889 0.30384616553783422 0.0086207697167992609 5.5277178287506112 0.028440261259675029 0.006006060168147088 2.0215334892272954 2.3502402305603032 3.5119047164916997
decision_type=2 2 2 2 2 2 2 2 2 2 2 2 2 2
left_child=2 3 10 -2 5 6 7 8 -3 -7 -1 12 -8 -11
right_child=1 4 -4 -5 -6 9 11 -9 -10 13 -12 -13 -14 -15
leaf_value=-0.030386156766661489 -0.00078955498833808968 0.052821018909948274 -0.0054169427059792699 -0.025909800690819773 -0.023702005889280897 0.005125433010969173 -0.053052072670074127 0.0049169269307087499 -0.0017121623834112571 -0.0084858878802038969 -0.011723926122792862 -0.044610265074023152 0.0036175403146384484 0.016523627717519467
leaf_weight=143.37002855519859 1425.2402993829855 31.626298429247981 781.0913375778191 78.899899092467422 34.900788361929699 577.82221650074007 14.373798087206522 944.0027525657224 19.704001735541169 36.981403435085667 180.63675457760837 47.51931760331172 44.239270305924947 551.47102796296531
leaf_count=136653 100308 8684 168214 69730 36519 45635 1367 23020 22970 209 44352 10673 2989 2508
internal_value=-1.27819e-10 0.00287084 -0.00985769 -0.00218872 0.00617344 0.00668436 0.00304205 0.00655633 0.0335937 0.0100966 -0.0203181 -0.0287279 -0.0133572 0.0148936
internal_weight=4911.88 3806.78 1105.1 1504.14 2302.64 2267.74 1101.47 995.333 51.3303 1166.27 324.007 106.132 58.6131 588.452
internal_count=673831 324612 349219 170038 154574 118055 69703 54674 31654 48352 181005 15029 4356 2717
is_linear=0
shrinkage=0.05


Tree=103
num_leaves=15
num_cat=0
split_feature=2 12 5 13 9 11 5 5 7 10 12 19 9 13
split_gain=53.8631 26.3734 21.7735 19.8754 18.8876 15.3775 12.4947 12.4362 11.221 10.8844 15.8613 14.1723 10.5758 10.3109
threshold=5.248507261276246 0.30952382087707525 5.3525319099426278 0.89736840128898632 0.85429841279983532 0.015749008394777778 1.3025730252265932 7.3078691959381112 1.5000000000000002 0.015504807699471714 0.77500000596046459 0.83968424797058117 0.88953837752342235 1.0000000180025095e-35
decision_type=2 2 2 2 2 2 2 2 2 2 2 2 2 2
left_child=3 2 -2 4 8 7 -7 -3 -1 10 11 12 -8 -10
right_child=1 5 -4 -5 -6 6 9 -9 13 -11 -12 -13 -14 -15
leaf_value=0.0023017190260609215 -0.0011295008223872812 0.0038040245259741766 -0.026842314232462357 -0.0024021752331359397 0.0044230254964717419 0.019313178840997293 -0.0090518478684525373 -0.024205805924331417 -0.019595793563579128 0.013721160812983213 0.022069348336492409 -0.036209753408175428 0.027269002859987804 -0.040070666498040898
leaf_weight=42.100242526656075 1530.3810820065983 1677.3659415500479 82.050632663746001 366.97107464636974 79.148517776485278 312.534536691619 89.617861686318065 35.650732783123203 292.43881476772549 204.57824787513528 43.831793955323519 35.082096205675043 20.43985716154566 84.224129331877521
leaf_count=15131 115972 128978 74593 37841 15021 1515 734 38376 133633 1061 180 264 112 110420
internal_value=1.61951e-11 0.00243198 -0.00251686 -0.0112851 -0.0177431 0.00572897 0.011914 0.00315234 -0.0219354 0.00586936 -0.00276548 -0.0107507 -0.00141448 -0.0246391
internal_weight=4896.42 4031.53 1612.43 864.883 497.912 2419.1 706.084 1713.02 418.763 393.55 188.972 145.14 110.058 376.663
internal_count=673831 361785 190565 312046 274205 171220 3866 167354 259184 2351 1290 1110 846 244053
is_linear=0
shrinkage=0.05


Tree=104
num_leaves=15
num_cat=0
split_feature=19 9 5 13 13 5 7 1 2 16 8 15 5 13
split_gain=52.5852 35.4833 20.6136 20.8874 25.704 14.68 13.9127 12.0614 11.5843 12.3363 11.3498 11.063 11.0458 10.5509
threshold=0.80472412705421459 0.85059899091720592 3.2957410812377934 0.97368422150611889 0.18465909361839297 3.6530514955520634 2.5000000000000004 0.0093462024815380591 5.8261864185333261 4.4549512863159189 2.8617925643920903 5.5740516185760507 6.8113651275634775 0.97368422150611889
decision_type=2 2 2 2 2 2 2 2 2 2 2 2 2 2
left_child=1 2 3 4 8 7 -7 -2 9 -1 -4 -5 -3 -9
right_child=5 12 10 11 -6 6 -8 13 -10 -11 -12 -13 -14 -15
leaf_value=0.0060119143381489638 0.030308380808991328 0.0036822706607647126 -0.014701575324066851 -0.002770024580409747 -0.030022092832949033 -0.017887876375260566 0.0051889725444886105 0.0030982291424344085 -0.0030019921614854546 -0.019700288731156396 -0.048198842577497056 0.019232497374919132 -0.02750833210097586 0.011015591104346566
leaf_weight=53.77555008755553 53.340012666623807 1051.2200783428152 68.725483744738085 700.16686354800186 161.58256466993589 110.25423728526494 146.89146050432282 846.66113160925306 449.32795795608581 269.68891749575596 42.49589746323727 57.178896071141935 24.213104940768972 842.40997774290736
leaf_count=18017 5080 68754 26544 50093 138769 42955 53198 10150 48546 118255 47086 3014 36068 7302
internal_value=4.57385e-11 -0.00432412 -0.00860301 -0.00717892 -0.0121604 0.00621986 -0.00485796 0.00786395 -0.00825668 -0.0153992 -0.0290233 -0.00099361 0.00285597 0.0070678
internal_weight=4877.93 2878.38 1802.94 1691.72 934.375 1999.56 257.146 1742.41 772.792 323.464 111.221 757.346 1075.43 1689.07
internal_count=673831 555146 450324 376694 323587 118685 96153 22532 184818 136272 73630 53107 104822 17452
is_linear=0
shrinkage=0.05


Tree=105
num_leaves=15
num_cat=0
split_feature=2 1 13 13 5 9 19 5 2 15 12 5 8 19
split_gain=51.862 25.0706 17.8408 19.2736 17.2951 14.7803 14.5127 13.2507 13.1027 12.2881 11.602 11.0433 14.0485 10.9567
threshold=5.248507261276246 0.029000738635659221 0.73863637447357189 0.17424242943525317 7.1400539875030526 0.84488680958747875 0.88469791412353527 2.856827020645142 16.985124588012699 2.8617925643920903 0.38750000298023229 5.3525319099426278 1.0000000180025095e-35 0.88135170936584484
decision_type=2 2 2 2 2 2 2 2 2 2 2 2 2 2
left_child=2 4 3 5 6 9 8 10 11 -1 -3 -2 -13 -10
right_child=1 7 -4 -5 -6 -7 -8 -9 13 -11 -12 12 -14 -15
leaf_value=-0.00836075256460239 -0.0018328481129645528 0.0031683897070937427 -0.002968410240717687 -0.038895483960656396 -0.022620457984573364 0.0028301073794769344 0.014190700347339503 -0.015374696567584107 0.0089320975758158654 -0.029445239124735158 0.012315353177760948 0.0015626269489454085 -0.040503875971441811 -0.037564338170853695
leaf_weight=150.23243362051062 1819.2398884799877 602.67266929604739 376.60767391453555 82.854348631011362 81.512832093034376 110.27435655871705 165.68045223772515 56.215105534734903 374.14859610126405 132.52237973498541 825.74745839212483 36.593550949392011 37.461745761478596 8.244103097114019
leaf_count=61313 163967 3723 49756 108555 84532 19999 14395 472 27359 72423 4284 8640 53345 1068
internal_value=-1.44293e-10 0.00238526 -0.0111615 -0.0175472 -0.000650435 -0.0126147 0.000127837 0.00752878 -0.000924869 -0.0185826 0.00848062 -0.00263311 -0.0209331 0.00745777
internal_weight=4860.01 4007.52 852.491 475.884 2522.88 393.029 2441.37 1484.64 2275.69 282.755 1428.42 1893.3 74.0553 382.393
internal_count=673831 361785 312046 262290 353306 153735 268774 8479 254379 133736 8007 225952 61985 28427
is_linear=0
shrinkage=0.05


Tree=106
num_leaves=15
num_cat=0
split_feature=19 18 13 13 5 5 9 12 2 5 11 9 1 9
split_gain=49.705 22.4692 20.9793 88.446 12.196 12.1906 14.4485 11.4639 12.6612 11.6962 13.4592 10.829 10.4794 9.87128
threshold=0.42517933249473577 0.81681683659553539 0.97368422150611889 0.20714285969734195 6.8408570289611825 6.1446294784545907 0.86051976680755626 0.52777779102325451 20.889029502868656 0.37785141170024877 0.010050504934042694 0.87247672677040111 0.027972712181508545 0.86827579140663158
decision_type=2 2 2 2 2 2 2 2 2 2 2 2 2 2
left_child=1 5 3 4 7 6 -1 8 9 10 -2 -5 -4 -3
right_child=2 13 12 11 -6 -7 -8 -9 -10 -11 -12 -13 -14 -15
leaf_value=-0.015154643754503386 -0.014135127427799724 -0.0041411610995444005 0.0037444810135919843 -0.041403735133216636 -0.018201855130849678 -0.042840182013803629 0.012270341710891707 0.011976275616717286 0.01659734048365941 -0.0023310308729125998 0.023923377167252732 -0.012054109415226222 0.011945309566062698 0.012350802733586746
leaf_weight=529.42040897408515 27.474369914438284 916.48022201372805 810.88900825619385 123.80954502109307 56.412327579932935 32.03178123174439 49.062374119328524 378.31644683535069 122.85762377745777 807.43283358028748 85.891494426163263 48.583909691355075 756.86155090429747 95.787450319989148
leaf_count=229120 2370 148749 86216 32025 45048 46032 5834 11129 3272 50565 863 5963 3739 2906
internal_value=1.35644e-10 -0.0071221 0.00359644 -0.000339734 0.0036515 -0.0146577 -0.0127435 0.0045792 0.00185351 -0.000192703 0.0144924 -0.0337053 0.00772898 -0.00252755
internal_weight=4841.31 1622.78 3218.53 1650.78 1478.39 610.515 578.483 1421.97 1043.66 920.799 113.366 172.393 1567.75 1012.27
internal_count=673831 432641 241190 151235 113247 280986 234954 68199 57070 53798 3233 37988 89955 151655
is_linear=0
shrinkage=0.05


Tree=107
num_leaves=15
num_cat=0
split_feature=19 18 13 13 5 5 9 9 9 1 18 9 13 8
split_gain=47.9603 21.0075 19.3782 83.6167 11.666 11.4272 13.1662 10.645 13.5732 9.80931 9.68145 9.52557 8.93088 8.78794
threshold=0.42517933249473577 0.81681683659553539 0.97368422150611889 0.20714285969734195 6.8408570289611825 6.1446294784545907 0.86051976680755626 0.86051976680755626 0.85777750611305248 0.027972712181508545 0.87700784206390392 0.86576396226882946 0.97368422150611889 1.0000000180025095e-35
decision_type=2 2 2 2 2 2 2 2 2 2 2 2 2 2
left_child=1 5 3 4 7 6 12 8 -2 -4 -3 -5 -1 -6
right_child=2 10 9 11 13 -7 -8 -9 -10 -11 -12 -13 -14 -15
leaf_value=-0.020587191640444799 0.0021617102625313216 -0.0037283184311645784 0.003655654117073596 -0.041503700858688833 0.0009051023967876009 -0.042169091668218674 0.011430468378538061 0.0090882778805178397 -0.025195512402747547 0.011601149000982976 0.017804472442064536 -0.014983851972662497 -0.0072800275181980206 -0.03697656001004971
leaf_weight=292.76746174554046 705.22617436504515 958.75302455819019 809.40010494380385 110.64278045785795 30.53138441091869 30.693575372150917 48.870378383629941 667.43950678055808 43.432680142206664 754.16855949955789 50.269864041365508 59.382008877403678 232.83975819902298 25.245868214463371
leaf_count=203157 43211 150749 86216 30068 4358 46032 5834 22929 2059 3739 906 7920 25963 40690
internal_value=-1.79352e-10 -0.00701596 0.00353849 -0.000257568 0.00361581 -0.014342 -0.0125042 0.00452209 0.000417984 0.00751283 -0.00257305 -0.0329342 -0.0148164 -0.0178723
internal_weight=4819.66 1614.19 3205.47 1641.9 1471.88 605.171 574.478 1416.1 748.659 1563.57 1009.02 170.025 525.607 55.7773
internal_count=673831 432641 241190 151235 113247 280986 234954 68199 45270 89955 151655 37988 229120 45048
is_linear=0
shrinkage=0.05


Tree=108
num_leaves=15
num_cat=0
split_feature=19 12 18 5 5 11 5 7 9 0 0 2 1 13
split_gain=46.5929 21.7049 17.9687 15.9076 11.8571 15.2782 11.7081 12.2298 13.5469 11.2872 11.5425 10.231 11.0976 11.162
threshold=0.30431982874870306 0.30952382087707525 0.83172580599784862 5.3525319099426278 3.0095890760421757 0.0093898782506585139 2.416736483573914 1.5000000000000002 0.79703298211097728 0.00766294775530696 0.013423423748463394 21.699968338012699 0.0086207697167992609 0.97368422150611889
decision_type=2 2 2 2 2 2 2 2 2 2 2 2 2 2
left_child=2 3 6 -2 11 9 7 -1 -9 -6 -11 12 -3 -14
right_child=1 4 -4 -5 5 -7 -8 8 -10 10 -12 -13 13 -15
leaf_value=0.016942508641199529 -0.00085309295375433968 0.030038246228914503 -0.0012130272877040871 -0.024018420625032611 -0.0082995801135122681 -0.021911538840638525 -0.029516984400868852 -0.031524948747902432 -0.0094128478284260797 0.017241934515408845 -0.015950000835059958 0.017327266601232943 0.00088913363221730733 0.0091566852920990007
leaf_weight=31.847975233924444 1398.0942063461189 41.625685229630108 427.9653404829005 73.286130160738139 126.05384439606769 74.73765172541971 104.28173645714014 80.063365182760208 425.46110600743214 135.95595149683231 28.018373328523012 220.49602728515492 780.57164434001243 853.63234991145146
leaf_count=8255 100308 11244 59333 69730 91989 2411 73083 61267 147281 14648 839 1524 19269 12650
internal_value=1.25156e-10 0.00263816 -0.00917539 -0.00208434 0.00570909 -0.00251823 -0.0144356 -0.0112638 -0.0131893 0.0027659 0.0112663 0.00729411 0.00592639 0.00522248
internal_weight=4802.09 3732.47 1069.62 1471.38 2261.09 364.766 641.654 537.372 505.524 290.028 163.974 1896.33 1675.83 1634.2
internal_count=673831 324612 349219 170038 154574 109887 289886 216803 208548 107476 15487 44687 43163 31919
is_linear=0
shrinkage=0.05


Tree=109
num_leaves=15
num_cat=0
split_feature=19 9 9 5 5 13 13 8 16 10 12 13 13 11
split_gain=46.6152 27.2308 18.5486 14.7469 14.1864 13.5356 24.3293 9.84172 9.67166 9.10747 9.0583 9.57615 36.2992 9.63365
threshold=0.6492956578731538 0.79648661613464367 0.85677316784858715 3.2957410812377934 2.9309395551681523 0.97368422150611889 0.18465909361839297 9.3003182411193865 4.335585594177247 0.013423423748463394 0.81666666269302379 0.97368422150611889 0.20714285969734195 0.013793759513646366
decision_type=2 2 2 2 2 2 2 2 2 2 2 2 2 2
left_child=1 -1 3 5 10 6 -3 -4 -5 -6 11 12 -2 -14
right_child=4 2 7 8 9 -7 -8 -9 -10 -11 -12 -13 13 -15
leaf_value=-0.023773484446565848 0.0052184885444103608 -0.0054980805045645965 0.006941137381631695 0.0093011154035814465 0.00084578820996257433 -7.5946921811335618e-05 -0.02853073092892057 -0.0070279461288343219 -0.032936492726795337 -0.016622332229481836 0.015498522808643264 0.0094562727878141073 -0.045442424377475463 -0.0091110603111285923
leaf_weight=169.25292993363109 725.48062997496163 693.65411989093536 524.11225047651442 14.175040123797769 329.21995829195475 743.27706902605496 133.33728746504221 161.11395716256538 71.22319969030741 91.324002817869768 267.06728847083286 792.48909601856576 40.475947833554528 35.654830106068403
leaf_count=98530 11534 148199 50166 6782 117530 50445 102019 19080 51463 1988 1703 9723 4236 433
internal_value=4.22469e-11 -0.00469735 -0.00327036 -0.00612834 0.0051666 -0.00498007 -0.00936082 0.00362954 -0.0257989 -0.00309827 0.0070374 0.00557584 0.00170474 -0.0300373
internal_weight=4791.86 2510.15 2340.89 1655.67 2281.71 1570.27 826.991 685.226 85.3982 420.544 1861.17 1594.1 801.611 76.1308
internal_count=673831 526684 428154 358908 147147 300663 250218 69246 58245 119518 27629 25926 16203 4669
is_linear=0
shrinkage=0.05


Tree=110
num_leaves=15
num_cat=0
split_feature=19 9 13 13 5 5 2 13 15 15 5 9 9 15
split_gain=45.1285 28.947 17.7531 26.4772 14.945 13.664 11.5918 10.9584 10.6615 9.78813 9.5613 8.59106 14.1597 8.8491
threshold=0.80472412705421459 0.85059899091720592 0.97368422150611889 0.20714285969734195 3.2957410812377934 2.1409264802932744 5.3055641651153573 0.5419580638408662 5.5740516185760507 2.8029010295867924 6.8113651275634775 0.88722023367881786 0.88124561309814464 4.5900437831878671
decision_type=2 2 2 2 2 2 2 2 2 2 2 2 2 2
left_child=1 2 3 6 8 -2 9 -5 -4 -1 -3 12 -7 -14
right_child=5 10 4 7 -6 11 -8 -9 -10 -11 -12 -13 13 -15
leaf_value=-0.007526973182173477 0.0092886813490881317 0.0032351232908557834 -0.0025542665343784685 -0.04330535906618195 -0.033700763741238808 0.00040362141300503361 -0.0041111690801786342 -0.016043780475424301 0.01909892246468195 -0.025890017414285201 -0.0265708497194444 0.010010091838164197 -0.034980148260244329 0.0098033176655428229
leaf_weight=156.78106116328445 1153.8021921112886 1032.9571242990896 686.5085261092172 81.477222207381601 31.163874440194377 567.37719545710434 520.59586839450731 80.511232488225232 56.947393842812744 140.23620033814586 22.658217599824638 189.08720065018997 42.713943011051924 11.922554692029733
leaf_count=62364 12468 68754 50093 87897 15993 76390 84044 68627 3014 78292 36068 22050 6459 1318
internal_value=-7.19154e-11 -0.00406221 -0.00799074 -0.0124472 -0.00231128 0.00580458 -0.00867808 -0.0306419 -0.000779162 -0.0164821 0.00247311 0.000821848 -0.00202886 -0.0252051
internal_weight=4774.74 2809.84 1754.22 979.602 774.62 1964.9 817.613 161.988 743.456 297.017 1055.62 811.101 622.014 54.6365
internal_count=673831 555146 450324 381224 69100 118685 224700 156524 53107 140656 104822 106217 84167 7777
is_linear=0
shrinkage=0.05


Tree=111
num_leaves=15
num_cat=0
split_feature=19 9 5 9 8 5 8 1 8 11 12 10 9 8
split_gain=41.8812 24.7523 17.0004 17.8545 17.6555 13.5813 23.2017 11.6549 11.5343 11.3537 10.8316 13.3467 10.6263 10.5143
threshold=0.6492956578731538 0.79648661613464367 5.7895598411560067 0.85677316784858715 1.0000000180025095e-35 4.5554723739624032 1.0000000180025095e-35 0.0080655650235712546 7.8783202171325692 0.007272823480889202 0.58571431040763866 0.01197647722437978 0.86106070876121532 9.3003182411193865
decision_type=2 2 2 2 2 2 2 2 2 2 2 2 2 2
left_child=1 -1 3 -3 -4 7 -7 -2 -8 -10 11 12 -9 -5
right_child=5 2 4 13 -6 6 8 10 9 -11 -12 -13 -14 -15
leaf_value=-0.022832685154936708 0.027113790368994362 -0.0052206332316822902 0.0056506940598333461 0.0081290514640580385 -0.047591276206314558 0.0085128057624991975 -0.035855712373266943 -0.021420147397293646 -0.019967595483912241 0.026469589994819572 0.010992170502706214 0.0049424030488666405 0.002325294162974246 -0.0065010486233165457
leaf_weight=166.26071872989633 59.832580008063815 1604.427042632974 23.15930340362047 494.93409878448801 37.147813769940512 120.32098014785151 62.831429923271571 88.036341885861475 30.913522578396623 15.832267267623136 614.19275556583852 1186.621034382697 93.671411789240665 158.64499910528684
leaf_count=98530 8154 319867 11619 18738 65682 10513 45796 6315 53042 3315 4941 11457 3614 12248
internal_value=-1.31322e-10 -0.00448237 -0.00312005 -0.00238714 -0.0282779 0.00490029 -0.0065177 0.00619834 -0.0226732 -0.00320191 0.00550048 0.00300442 -0.00944477 0.00455545
internal_weight=4756.83 2484.57 2318.31 2258.01 60.3071 2272.25 229.898 2042.35 109.577 46.7458 1982.52 1368.33 181.708 653.579
internal_count=673831 526684 428154 350853 77301 147147 112666 34481 102153 56357 26327 21386 9929 30986
is_linear=0
shrinkage=0.05


Tree=112
num_leaves=15
num_cat=0
split_feature=2 12 5 7 13 11 5 8 2 3 13 19 16 11
split_gain=40.905 21.7307 18.7481 15.6687 14.2428 13.2375 11.5675 9.99181 9.53477 9.27732 9.08127 8.65368 9.64709 10.3995
threshold=5.248507261276246 0.26785714924335485 4.2830162048339853 2.5000000000000004 0.64495798945426952 0.0066445916891098031 7.3078691959381112 1.0000000180025095e-35 17.335578918457035 0.43505233526229864 1.0000000180025095e-35 0.80026847124099743 3.6733334064483647 0.013793759513646366
decision_type=2 2 2 2 2 2 2 2 2 2 2 2 2 2
left_child=3 2 8 5 10 9 11 -4 -2 -1 -5 12 -3 -14
right_child=1 6 7 4 -6 -7 -8 -9 -10 -11 -12 -13 13 -15
leaf_value=-0.02612126043563592 -0.0025806425144066589 -0.014866979705363588 -0.0055355792692395383 -0.020186200740531332 -0.0069471117268177429 0.0028735145117935335 -0.022502649295527016 -0.036424066207805791 0.0091344278058406985 0.0076173694488604268 -0.049235626646028111 0.0082219621482283161 -0.0024796988883873214 0.0080767094243169371
leaf_weight=75.638899459393997 1244.6374179369996 72.818808724091468 50.822196522656668 194.24788664260632 209.94195027623755 283.51166948392347 32.460839172992564 54.041841038054827 196.76579451629368 24.710147819399936 31.124873145774473 1323.3981786326931 412.09466526750839 527.20676262211418
leaf_count=70548 106317 7081 11391 94021 44421 39608 38503 68580 3211 7430 56018 51653 69374 5675
internal_value=-4.05483e-10 0.00212922 -0.0024763 -0.0101252 -0.0165652 -0.00270285 0.00513546 -0.0223872 -0.000955371 -0.0178462 -0.0251796 0.00556685 0.00207181 0.00345675
internal_weight=4733.42 3914.25 1546.27 819.175 435.315 383.861 2367.98 104.864 1441.4 100.349 225.373 2335.52 1012.12 939.301
internal_count=673831 361785 189499 312046 194460 117586 172286 79971 109528 77978 150039 133783 82130 75049
is_linear=0
shrinkage=0.05


Tree=113
num_leaves=15
num_cat=0
split_feature=2 12 5 7 13 11 5 0 0 15 8 15 9 1
split_gain=39.5499 20.8118 17.7063 14.9966 13.3381 11.8553 10.8818 17.1884 13.6832 9.85893 9.64108 9.44454 9.60488 9.16887
threshold=5.248507261276246 0.26785714924335485 4.2830162048339853 2.5000000000000004 0.64495798945426952 0.0066445916891098031 3.6530514955520634 0.013793759513646366 0.00766294775530696 2.6735538244247441 1.0000000180025095e-35 2.8617925643920903 0.85429841279983532 0.0092594572342932242
decision_type=2 2 2 2 2 2 2 2 2 2 2 2 2 2
left_child=3 2 -2 5 11 -1 13 8 -8 -10 -4 12 -5 -3
right_child=1 6 10 4 -6 -7 7 -9 9 -11 -12 -13 -14 -15
leaf_value=-0.017202359531952937 -0.00094947368889402228 0.02306708935689494 -0.0054400347304422733 -0.020159979582773213 -0.0069972021322362733 0.0025447905865812609 -0.012115434238149049 -0.034222376385002362 0.025683605139569434 -0.0019454902328211296 -0.035987280966431515 -0.035416548712413488 0.015839595043456254 0.0055773775689297233
leaf_weight=98.445430062896321 1437.8513703048338 73.496896808643214 50.689860815600696 98.572706400651441 208.99376752620265 282.85240549405898 104.33255983768413 36.118801776494365 59.782505998531633 63.066934902819412 52.509015744852604 105.70853811833786 18.654646790939296 2022.9727668727428
leaf_count=77978 109528 19774 11391 65691 44421 39608 95557 1010 6065 9201 68580 81228 3120 40679
internal_value=1.40891e-10 0.00209395 -0.00242068 -0.0099955 -0.0163221 -0.0027103 0.00504112 -0.00447397 0.000890738 0.0119783 -0.0219277 -0.0247186 -0.0140177 0.00624395
internal_weight=4714.05 3900.82 1541.05 813.227 431.93 381.298 2359.77 263.301 227.182 122.849 103.199 222.936 117.227 2096.47
internal_count=673831 361785 189499 312046 194460 117586 172286 111833 110823 15266 79971 150039 68811 60453
is_linear=0
shrinkage=0.05


Tree=114
num_leaves=15
num_cat=0
split_feature=19 9 5 5 9 5 11 8 15 13 13 16 5 10
split_gain=38.0733 23.2597 12.9304 12.871 12.8681 14.7493 10.8658 14.6189 9.18712 9.11773 13.2679 13.1699 11.7055 8.29721
threshold=0.6492956578731538 0.82276993989944469 3.0584686994552617 2.9309395551681523 0.87247672677040111 2.5242915153503422 0.016261236742138866 8.1938571929931658 4.6395599842071542 0.97368422150611889 1.0000000180025095e-35 4.1005051136016855 1.3837250471115115 0.013423423748463394
decision_type=2 2 2 2 2 2 2 2 2 2 2 2 2 2
left_child=1 2 -1 -2 5 9 7 8 -6 10 -3 -11 -12 -5
right_child=3 4 -4 13 6 -7 -8 -9 -10 11 12 -13 -14 -15
leaf_value=-0.010571150012122518 0.0064809482725662632 -0.0019598625431518986 -0.0395606838769735 0.00053094380860094345 0.022098231958286908 -0.013461183355737805 0.024938893325133341 -0.010899454230014606 -0.018464302933743831 -0.020874979206687145 -0.039111808026493951 0.0054252261417833333 -0.0046753028372583582 -0.016337023295264735
leaf_weight=586.79319202266697 1837.0837413658955 550.59440134186298 37.213200819953272 324.1154016388582 81.734586045686228 279.96830353201676 69.43639881600393 97.973066755506352 12.698678703474796 46.826764456476667 44.452442128114853 590.89250034597535 52.363207929436612 88.950781283965625
leaf_count=232158 27629 65951 33145 117530 12048 95703 358 13023 2281 2973 20211 27689 21144 1988
internal_value=1.58761e-10 -0.00430722 -0.0126007 0.00469074 -0.00144786 -0.00316942 0.00870887 0.0023684 0.0159895 -0.000883853 -0.00504476 0.00334667 -0.0216309 -0.00325339
internal_weight=4701.1 2450.95 624.006 2250.15 1826.94 1565.1 261.843 192.406 94.4333 1285.13 647.41 637.719 96.8157 413.066
internal_count=673831 526684 265303 147147 261381 233671 27710 27352 14329 137968 107306 30662 41355 119518
is_linear=0
shrinkage=0.05


Tree=115
num_leaves=15
num_cat=0
split_feature=19 9 5 2 7 5 5 10 18 8 1 15 10 11
split_gain=36.8683 24.8467 15.9107 15.133 14.1482 12.9284 11.0707 9.18684 8.95761 11.8233 8.51553 8.25382 10.0839 8.24496
threshold=0.80472412705421459 0.83983245491981517 4.2830162048339853 3.5317403078079228 1.5000000000000002 2.1409264802932744 2.5044574737548833 0.012579114176332952 0.79647564888000499 7.9996376037597665 0.028440261259675029 1.4978661537170412 0.013986697886139156 0.016261236742138866
decision_type=2 2 2 2 2 2 2 2 2 2 2 2 2 2
left_child=1 2 3 4 -1 -2 10 8 -6 -10 -3 12 -12 -14
right_child=5 6 -4 -5 7 -7 -8 -9 9 -11 11 -13 13 -15
leaf_value=0.012710262215004656 0.0086662181606662735 -0.00072145713134020781 -0.03566641283300119 -0.0039658699865319719 -0.033736790475033598 0.00038311570518322893 -0.0072138254225562089 -0.050788524250934046 -0.0031179643546680198 -0.024785115400668144 -0.04975368123970339 0.010718490387300546 -0.0096375234671280986 0.027558442279068812
leaf_weight=35.305094070222367 1142.332834352379 623.14401319703302 47.947783432106007 885.1416734385748 58.514678541452668 800.06565700860074 328.18270146922487 17.758648205424834 153.21784374313029 103.92623145287416 6.7875866345129898 420.2767897854792 50.120240527932765 15.417937565394821
leaf_count=9727 12468 58956 48292 150961 56990 106217 98063 2135 54509 72068 100 2849 412 84
internal_value=1.51911e-10 -0.0037268 -0.00872205 -0.00755413 -0.0159997 0.00526419 0.000791352 -0.0191826 -0.0166403 -0.0121806 0.00316765 0.0080452 -0.00717758 0.000446055
internal_weight=4688.14 2745.74 1301.81 1253.86 368.722 1942.4 1443.93 333.417 315.659 257.144 1115.75 492.603 72.3258 65.5382
internal_count=673831 555146 394682 346390 195429 118685 160464 185702 183567 126577 62401 3445 596 496
is_linear=0
shrinkage=0.05


Tree=116
num_leaves=15
num_cat=0
split_feature=19 13 13 9 5 9 5 0 12 8 5 5 19 15
split_gain=35.6005 17.7247 82.3309 13.5016 10.1985 11.2237 10.0515 9.85233 11.2077 9.42716 9.2359 9.1551 15.4245 8.99629
threshold=0.30431982874870306 0.97368422150611889 0.20714285969734195 0.79648661613464367 6.8408570289611825 0.86051976680755626 2.5495525598526005 0.0067797389347106227 0.15476191043853763 1.0000000180025095e-35 0.01530011370778084 3.2242708206176762 0.87241226434707653 3.65057384967804
decision_type=2 2 2 2 2 2 2 2 2 2 2 2 2 2
left_child=3 2 4 -1 5 7 -5 8 -2 -6 13 -3 -13 -9
right_child=1 11 -4 6 9 -7 -8 10 -10 -11 -12 12 -14 -15
leaf_value=-0.025885178683235272 -0.0035312389607445802 0.0071023882641299821 -0.030903710941949103 -0.004345776633280605 0.0014136537201549417 0.0081124154711197157 -0.020201463346180906 0.030780676933061968 0.037734364790581405 -0.037328639254196661 -0.002941561058309308 -0.014625627646219039 0.015626292115253126 -0.015931275492118434
leaf_weight=93.304971677363483 29.578689243528061 1591.8560338112165 200.99087210952757 822.04249834705888 31.955076332724275 695.9362858511231 109.71482410277531 34.061531834231573 29.995708032664879 25.220033168979171 816.47385926636161 121.98350368021102 58.320974187448883 10.47211000426614
leaf_count=74877 22312 38190 58609 209900 5428 26416 64442 622 13097 45727 40913 55310 17722 266
internal_value=3.65712e-10 0.00231559 -0.00107335 -0.0082094 0.0025903 0.00334511 -0.00631065 -0.000283206 0.018559 -0.0173032 -0.00168655 0.00589353 -0.00468279 0.019297
internal_weight=4671.91 3646.84 1874.68 1025.06 1673.69 1616.52 931.757 920.582 59.5744 57.1751 861.008 1772.16 180.304 44.5336
internal_count=673831 324612 213390 349219 154781 103626 274342 77210 35409 51155 41801 111222 73032 888
is_linear=0
shrinkage=0.05


Tree=117
num_leaves=15
num_cat=0
split_feature=19 5 9 5 9 12 2 9 2 16 1 13 16 12
split_gain=34.225 17.1209 14.7849 14.4401 11.7736 10.0354 11.7948 14.867 13.4285 13.935 9.51515 11.3477 13.3507 9.01054
threshold=0.49373689293861395 5.7895598411560067 0.82276993989944469 1.9296561479568484 0.81077250838279735 0.93750000000000011 16.518946647644047 0.88124561309814464 14.924224853515627 4.94598412513733 0.031269090250134475 0.97368422150611889 4.7277667522430429 0.64583334326744091
decision_type=2 2 2 2 2 2 2 2 2 2 2 2 2 2
left_child=1 2 -1 5 -5 6 8 -8 10 -10 -2 12 -12 -3
right_child=3 13 -4 4 -6 -7 7 -9 9 -11 11 -13 -14 -15
leaf_value=-0.011394175866808966 0.0015594887637881429 -0.04422941903661945 -0.001542943023673856 -0.018976576195882073 0.00086655375026174384 0.018137838289792343 0.017880541862017037 -0.0048750314771939772 -0.040925402146866477 -0.0023544855652917729 -0.037146144953710762 0.025323397905266248 0.010339086677571788 0.014671823232703546
leaf_weight=538.8467037525038 638.26444500125945 34.806103392426849 1277.5454524614979 74.512561701490995 1244.196489604728 170.10829949074832 299.42899278344339 91.514030408812687 28.656345245275588 79.188832640254986 13.924567300651686 99.098694779066136 62.952755235855875 5.2481888868005617
leaf_count=235686 22161 57115 171513 19095 156223 937 2731 842 583 896 92 382 332 5243
internal_value=3.40404e-10 -0.00525711 -0.00448864 0.00348641 -0.00032211 0.00686241 0.00533836 0.0125595 0.00222554 -0.0139627 0.00444179 0.014564 -4.95001e-06 -0.03574
internal_weight=4658.29 1856.45 1816.39 2801.85 1318.71 1483.14 1313.03 390.943 922.086 107.845 814.24 175.976 76.8773 40.0543
internal_count=673831 469557 407199 204274 175318 28956 28019 3573 24446 1479 22967 806 424 62358
is_linear=0
shrinkage=0.05


Tree=118
num_leaves=15
num_cat=0
split_feature=2 12 5 7 13 5 11 8 11 10 9 1 13 0
split_gain=33.7629 19.6684 14.6779 13.9595 11.7824 10.8725 13.7527 20.9226 10.2666 9.74271 9.64659 8.90733 11.7917 10.6317
threshold=5.248507261276246 0.26785714924335485 4.2830162048339853 2.5000000000000004 0.73863637447357189 3.6530514955520634 0.0082305916585028189 4.6959142684936532 0.0066445916891098031 0.0044150324538350114 0.86702173948287975 0.0092594572342932242 0.19375000149011615 0.0079052620567381399
decision_type=2 2 2 2 2 2 2 2 2 2 2 2 2 2
left_child=3 2 -2 8 10 11 7 9 -1 -7 -5 12 13 -3
right_child=1 5 -4 4 -6 6 -8 -9 -10 -11 -12 -13 -14 -15
leaf_value=-0.016075246131401148 -0.0011568244595578081 0.05762215801931319 -0.020582883405299547 -0.026132179861113228 -0.00638907905094146 -0.0076177521699079187 -0.035034857243649874 -0.017344594154227254 0.0025843191090064608 0.020981291310969347 0.012019046554462523 0.005348336869501329 0.0063878896502552948 -0.017659499950533168
leaf_weight=94.661250812656363 1415.476481443392 22.537952879489243 99.477974767889464 207.80209108448889 195.81218212047952 39.847178847246141 27.882701105270826 99.176089279439111 279.26567165453889 92.162199784395852 15.140724912725089 2003.7738936463011 48.295428609425471 3.2562956006440791
leaf_count=77978 109528 7644 79971 160444 31813 13095 1834 88621 39608 8283 2203 40679 10735 1395
internal_value=-2.02959e-10 0.00193663 -0.00249593 -0.00936383 -0.0155796 0.0048093 -0.00477899 -0.000465474 -0.00228922 0.0123857 -0.0233344 0.00601337 0.0225243 0.0467943
internal_weight=4644.57 3851.89 1514.95 792.682 418.755 2336.93 259.068 231.185 373.927 132.009 222.943 2077.86 74.0897 25.7942
internal_count=673831 361785 189499 312046 194460 172286 111833 109999 117586 21378 162647 60453 19774 9039
is_linear=0
shrinkage=0.05


Tree=119
num_leaves=15
num_cat=0
split_feature=19 9 9 5 13 13 13 13 8 16 5 5 2 11
split_gain=32.9027 20.8887 14.8507 15.9533 13.2437 24.344 12.1112 61.1934 11.1419 9.73934 8.31542 8.61281 9.90891 8.28251
threshold=0.6492956578731538 0.79265064001083385 0.87247672677040111 3.2957410812377934 0.97368422150611889 0.18465909361839297 0.97368422150611889 0.20714285969734195 8.0285935401916522 4.4549512863159189 0.97449469566345226 0.49524711072444921 17.335578918457035 0.013793759513646366
decision_type=2 2 2 2 2 2 2 2 2 2 2 2 2 2
left_child=1 -1 3 4 5 -3 7 -2 -4 -6 11 -8 -13 -9
right_child=6 2 8 -5 9 -7 10 13 -10 -11 -12 12 -14 -15
leaf_value=-0.023728821064367606 0.0045824375135185445 -0.0039674285626383277 0.01924674068652581 -0.022489975360001094 -0.013708359411127417 -0.025831774257817804 0.0047702969177138288 -0.045399391168230774 -0.0013280662803145263 0.0027712248106466792 0.0056249796766706687 0.013666792021529928 0.041437654833995557 -0.015320333633734829
leaf_weight=122.78203706644945 1038.4670852886943 845.05012163756601 117.82674588404961 109.91663833610028 95.44897230368224 145.50013805130538 108.29527580010472 63.237768637925456 140.43145389930032 830.98966778416798 819.13678402892538 105.02957284201693 47.51666072444641 45.495028839926817
leaf_count=81487 67981 164056 13575 82760 7318 112192 1067 18018 14135 51161 58368 864 268 581
internal_value=1.33681e-10 -0.00404741 -0.00294043 -0.00438256 -0.00328851 -0.00729265 0.00437518 0.000789853 0.00824617 0.0010089 0.00816249 0.0158755 0.0233577 -0.0340408
internal_weight=4635.12 2407.95 2285.16 2026.91 1916.99 990.55 2227.18 1147.2 258.258 926.439 1079.98 260.842 152.546 108.733
internal_count=673831 526684 445197 417487 334727 276248 147147 86580 27710 58479 60567 2199 1132 18599
is_linear=0
shrinkage=0.05


Tree=120
num_leaves=15
num_cat=0
split_feature=19 9 5 8 8 5 1 11 12 10 13 13 9 9
split_gain=32.1246 18.893 11.9705 20.7924 12.5871 10.9998 10.5154 10.1584 9.905 11.3583 10.4247 27.1233 10.0333 9.77209
threshold=0.6492956578731538 0.82276993989944469 4.5554723739624032 1.0000000180025095e-35 7.8783202171325692 3.0584686994552617 0.0080655650235712546 0.007272823480889202 0.58571431040763866 0.01197647722437978 0.97368422150611889 0.20714285969734195 0.86106070876121532 0.87247672677040111
decision_type=2 2 2 2 2 2 2 2 2 2 2 2 2 2
left_child=1 5 6 -4 -5 -1 -2 -6 9 12 11 -11 -8 -3
right_child=2 13 3 4 7 -7 8 -9 -10 10 -12 -13 -14 -15
leaf_value=-0.0097539104906931347 0.025377520456391019 -0.002932102151198347 0.0078544040396408849 -0.036341225310334985 -0.018205209472662853 -0.037558085262617932 -0.021001540320151058 0.026229378910324765 0.010178760847080177 0.0030385089444261459 0.0092290305929184323 -0.033730510519526677 0.0022509188023856052 0.007498166270114068
leaf_weight=571.21326897581412 60.038810747493699 1537.4244440320176 116.12005114255589 59.876163234172054 29.344778334841521 33.895550003368498 85.262139892045525 15.581036503851463 601.8414686948945 555.42413109573681 550.33404333802173 50.085625496605644 93.661913302159519 257.95311206976839
leaf_count=232158 8154 233671 10513 45796 53042 33145 6315 3315 4941 5483 4290 1684 3614 27710
internal_value=3.94699e-10 -0.0040042 0.00433375 -0.00660307 -0.0222501 -0.0116064 0.00555734 -0.00171106 0.0048791 0.00246044 0.00428135 -0.000254234 -0.00909921 -0.00141686
internal_weight=4618.06 2400.49 2217.57 220.922 104.802 605.109 1996.65 44.9258 1936.61 1334.77 1155.84 605.51 178.924 1795.38
internal_count=673831 526684 147147 112666 102153 265303 34481 56357 26327 21386 11457 7167 9929 261381
is_linear=0
shrinkage=0.05


Tree=121
num_leaves=15
num_cat=0
split_feature=19 12 9 5 5 2 5 9 19 0 13 13 1 5
split_gain=32.7469 15.4843 12.1713 9.84251 9.41849 8.7458 8.55283 8.33704 8.76995 8.34417 7.77806 33.0873 16.6105 12.3593
threshold=0.30431982874870306 0.30952382087707525 0.79648661613464367 6.8113651275634775 7.3078691959381112 18.35639572143555 2.5495525598526005 0.86514279246330272 0.12431138008832933 0.0093025267124176043 0.97368422150611889 0.37980769574642187 0.0086207697167992609 5.5277178287506112
decision_type=2 2 2 2 2 2 2 2 2 2 2 2 2 2
left_child=2 3 -1 5 10 -2 -4 8 -8 -10 11 12 13 -3
right_child=1 4 6 -5 -6 -7 7 -9 9 -11 -12 -13 -14 -15
leaf_value=-0.025039144970401096 -0.0027230975769247647 0.046898589545149617 -0.0043291703361962603 -0.027359565648826759 -0.020968777332583042 0.0090136306751777678 -0.047377327077429039 0.0077453066263560152 0.0059581404974961456 -0.029585366920137298 0.0081751604269059332 -0.025916758009696873 0.0032602635732136166 -0.0020630305535251185
leaf_weight=89.929223967189955 1193.6251556689713 34.153233071714567 811.82137937170819 31.868903311705253 29.949373805404321 178.01802088368186 26.807455791656594 20.81202948549344 28.845379891548873 29.685316551340293 1109.0343297661175 90.543936051629316 909.58515877429909 18.607414276396867
leaf_count=74877 117456 8880 209900 45625 36519 6957 25874 8842 25477 4249 48352 14359 23257 23207
internal_value=8.87631e-11 0.00223439 -0.0079422 -0.00186227 0.00485585 -0.00117265 -0.00614072 -0.0191772 -0.0258083 -0.0129783 0.00526116 0.00216764 0.00493031 0.0309472
internal_weight=4603.29 3595.39 1007.9 1403.51 2191.87 1371.64 917.972 106.15 85.3382 58.5307 2161.92 1052.89 962.346 52.7606
internal_count=673831 324612 349219 170038 154574 124413 274342 64442 55600 29726 118055 69703 55344 32087
is_linear=0
shrinkage=0.05


Tree=122
num_leaves=15
num_cat=0
split_feature=19 5 9 2 13 13 7 9 12 9 10 15 18 8
split_gain=30.8568 17.1608 13.3478 14.1575 12.4109 55.0529 12.0382 9.84942 8.65206 8.57503 8.36346 8.31199 7.63106 9.9201
threshold=0.54322910308837902 5.7895598411560067 0.83983245491981517 3.5317403078079228 0.97368422150611889 0.20714285969734195 1.5000000000000002 0.78113046288490307 0.64583334326744091 0.87541255354881298 0.012579114176332952 5.6185860633850107 0.79647564888000499 7.9996376037597665
decision_type=2 2 2 2 2 2 2 2 2 2 2 2 2 2
left_child=1 2 3 6 5 -2 -1 -5 -3 -7 12 -9 -8 -14
right_child=4 8 -4 7 -6 9 10 11 -10 -11 -12 -13 13 -15
leaf_value=0.01087913575289399 0.003551683187553225 -0.041693132451217113 0.00044569889254128417 -0.029425901698780593 0.0071946864891607488 -0.039463329252717408 -0.032485305452278797 -0.00372546785733928 0.012946869737878515 -0.0088973691686716049 -0.049431021620311932 0.016786117447333656 -0.0037318908826027295 -0.023878167595541337
leaf_weight=35.096231537225322 1191.1325514805512 38.729006724333431 946.84499272943413 29.746511957498114 1252.3772544600915 85.444987731961191 55.610949438716489 605.22028226599195 6.2668550220791976 35.467761980719843 17.014477449607512 48.800951637159415 150.75778040103251 100.42661802264411
leaf_count=10142 84146 64441 81935 18055 71147 20347 59050 117095 7034 4540 2139 7249 54462 72049
internal_value=-2.82717e-10 -0.00459198 -0.0038546 -0.00774316 0.00364494 0.000242184 -0.0157173 -0.00347388 -0.0335494 -0.0312067 -0.0187215 -0.00207922 -0.0162531 -0.0120954
internal_weight=4598.94 2034.51 1989.52 1042.67 2564.42 1312.05 358.906 683.768 44.9959 120.913 323.81 654.021 306.795 251.184
internal_count=673831 493651 422176 340241 180180 109033 197842 142399 71475 24887 187700 124344 185561 126511
is_linear=0
shrinkage=0.05


Tree=123
num_leaves=15
num_cat=0
split_feature=19 9 5 5 9 5 11 15 9 19 1 5 8 11
split_gain=30.4837 16.8269 12.9053 11.7333 9.66459 10.112 17.3286 10.1116 12.2094 10.4354 10.5421 11.6027 10.0811 8.73374
threshold=0.6492956578731538 0.82118928432464611 2.9309395551681523 2.3721976280212407 0.86827579140663158 2.2288510799407963 0.016001024283468727 3.0201274156570439 0.86702173948287975 0.12995392084121707 0.010000481735914947 0.26444087922573095 8.051335811614992 0.010471491608768703
decision_type=2 2 2 2 2 2 2 2 2 2 2 2 2 2
left_child=1 3 -2 -1 5 7 -7 -3 9 -9 -11 -12 -6 -13
right_child=2 4 -4 -5 12 6 -8 8 -10 10 11 13 -14 -15
leaf_value=-0.0083591150470627446 0.0060511091027791496 -0.0060836759026996375 -0.0037940190722988579 -0.028875106966004566 0.015105327077964067 -0.0072937912129432238 -0.04921441581846081 -0.010617341092307685 -0.043169077291158882 0.03138657585138957 -0.015206199402492834 -0.007082533878926431 -0.0020035559972592372 0.011480397248078993
leaf_weight=477.11909504718051 1796.9279701832602 505.39094560831109 404.67487698546847 78.600155162776446 156.01914969509016 357.49183171275899 21.794646248723438 91.779652495144546 8.7685521748899173 36.988631168243955 56.767666851457761 74.258091524123301 182.85205024269408 335.68005597927913
leaf_count=198784 27629 60674 119518 54734 17691 110374 271 27883 310 17193 2372 9403 18652 8343
internal_value=-2.07287e-10 -0.0039143 0.00423699 -0.0114925 -0.00158518 -0.00332091 -0.0103116 -0.000895854 0.00345758 0.00449791 0.00732939 0.00511027 0.00597862 0.008073
internal_weight=4585.11 2383.51 2201.6 555.719 1827.79 1488.92 379.286 1109.63 604.243 595.474 503.694 466.706 338.871 409.938
internal_count=673831 526684 147147 253518 273166 236823 110645 126178 65504 65194 37311 20118 36343 17746
is_linear=0
shrinkage=0.05


Tree=124
num_leaves=15
num_cat=0
split_feature=19 9 13 13 5 9 5 10 1 12 10 18 13 2
split_gain=28.9515 16.836 13.8364 23.2964 12.1368 9.96386 9.85908 8.06317 7.95615 8.04534 9.61159 9.62506 7.94934 7.54467
threshold=0.6492956578731538 0.85677316784858715 0.97368422150611889 0.18465909361839297 2.9309395551681523 0.7868008315563203 3.2957410812377934 0.013423423748463394 0.0080655650235712546 0.64583334326744091 0.01197647722437978 0.86095264554023754 0.5419580638408662 9.1641755104064959
decision_type=2 2 2 2 2 2 2 2 2 2 2 2 2 2
left_child=1 2 3 5 8 -1 -4 13 -2 10 11 -10 -5 -6
right_child=4 -3 6 12 7 -7 -8 -9 9 -11 -12 -13 -14 -15
leaf_value=-0.029271068837947296 0.030152546906160062 0.0029511100814420123 -0.00040114756796976944 -0.039622828793626219 -0.028057615963485744 -0.0055393555677574263 -0.029234894582787448 -0.016804386569823054 -0.020468026535182551 0.010691069081828902 0.0047845990030977214 0.005399204005093302 -0.015008492769334154 0.0021289371648805884
leaf_weight=42.51012003896858 28.411856436512608 659.55887423475406 760.45286565886272 75.221731988579904 17.202592656170509 740.08799585717361 25.856156547959472 85.829422780439927 75.423881016249652 509.42026991802959 1118.4857267312545 61.995765247163945 71.968471239859809 300.70061720914055
leaf_count=28971 4942 69246 56505 89026 11916 197870 15636 1988 5806 3826 10727 2328 69430 105614
internal_value=1.64468e-10 -0.00382236 -0.00642666 -0.010539 0.0041316 -0.00700608 -0.00152802 -0.00366613 0.00589202 0.0054175 0.00324452 -0.00901838 -0.0284762 8.6297e-05
internal_weight=4573.13 2375.66 1716.1 929.788 2197.47 782.598 786.309 403.733 1793.74 1765.33 1255.91 137.42 147.19 317.903
internal_count=673831 526684 457438 385297 147147 226841 72141 119518 27629 22687 18861 8134 158456 117530
is_linear=0
shrinkage=0.05


Tree=125
num_leaves=15
num_cat=0
split_feature=19 5 8 12 18 8 11 1 13 2 5 7 2 5
split_gain=28.3305 14.8546 22.5152 13.354 11.5175 11.309 12.419 10.6306 21.2614 10.2368 9.0346 9.56885 8.94931 10.05
threshold=0.30431982874870306 5.3525319099426278 1.0000000180025095e-35 0.43650794029235845 0.83172580599784862 7.8783202171325692 0.007272823480889202 0.0086207697167992609 1.0000000180025095e-35 17.335578918457035 2.416736483573914 1.5000000000000002 5.248507261276246 0.74971285462379467
decision_type=2 2 2 2 2 2 2 2 2 2 2 2 2 2
left_child=4 3 -3 9 10 -4 -7 8 -5 -2 11 -1 -13 -14
right_child=1 2 5 7 -6 6 -8 -9 -10 -11 -12 12 13 -15
leaf_value=0.016258735271388828 -0.0017159833672186189 0.0049513246189370943 -0.040343095959472448 0.057681005351863573 -0.00094371011206561498 -0.024886529687157474 0.024111852774892226 0.0054815820186877827 0.00021665472268189386 0.0078388545309545487 -0.025980718925333435 -0.015224635351272796 0.019472793483719251 -0.0089570579974302574
leaf_weight=30.556886912685968 1508.466316281294 113.23236739967069 58.689359378973222 24.418781622134702 404.69405769307741 28.978196940337511 16.10213606897014 1444.1629717527958 35.62905692791719 339.04591433205496 92.015754150229441 330.69429783592477 40.57056643427677 92.794528569365866
leaf_count=8255 115292 18232 66745 4670 59333 77834 4668 25095 5886 6190 73083 183555 5768 19225
internal_value=-1.67116e-10 0.00207863 -0.010454 0.0029044 -0.00745584 -0.026719 -0.00672495 0.00639368 0.0262224 5.38959e-05 -0.0119024 -0.0090495 -0.0108715 8.26434e-05
internal_weight=4560.05 3568.73 217.002 3351.72 991.326 103.77 45.0803 1504.21 60.0478 1847.51 586.632 494.616 464.059 133.365
internal_count=673831 324612 167479 157133 349219 149247 82502 35651 10556 121482 289886 216803 208548 24993
is_linear=0
shrinkage=0.05


Tree=126
num_leaves=15
num_cat=0
split_feature=19 9 5 5 13 13 5 10 9 15 15 15 2 15
split_gain=28.3031 19.958 13.3469 12.7317 11.3815 15.4873 8.47095 14.2095 9.17733 9.52324 12.2673 8.4704 8.24037 8.24148
threshold=0.78758457303047191 0.84488680958747875 5.6855499744415292 2.1409264802932744 0.97368422150611889 0.18465909361839297 2.5717338323593144 0.013423423748463394 0.86514279246330272 5.4617087841033944 3.8393944501876835 1.7005987167358401 4.8347685337066659 2.8029010295867924
decision_type=2 2 2 2 2 2 2 2 2 2 2 2 2 2
left_child=1 2 4 -2 5 12 11 8 9 10 -8 -3 13 -1
right_child=3 6 -4 -5 -6 -7 7 -9 -10 -11 -12 -13 -14 -15
leaf_value=-0.0057654924185269948 0.0078884687058893184 -0.0064137616753424283 -0.038283622369751774 -0.00028585719577427633 -0.0015604760382127063 -0.027020502614708126 -0.0056301947702231724 -0.030222980280716766 0.0087100317096436494 0.021694557683689112 -0.046569249325913442 0.0056067828959210954 -0.0031564287620290338 -0.024933684470344192
leaf_weight=121.22992347303057 1152.1158443493005 175.5438140897777 29.690617130802138 809.07759425003542 595.04247960902831 119.2443887932759 63.937559391096329 46.744376467249822 111.51091664299702 13.75922949823507 21.635468114696323 784.7080806057993 398.72796434889688 106.11938592414572
leaf_count=54410 13489 9879 41407 111891 50715 139423 27739 891 41344 3063 11452 37273 62844 68011
internal_value=-2.53892e-10 -0.00343059 -0.0075592 0.00452405 -0.00673887 -0.0108352 0.00122596 -0.00674292 -0.000957819 -0.0117083 -0.0179802 0.00338746 -0.00756283 -0.0150566
internal_weight=4549.09 2587.89 1370.05 1961.19 1340.36 745.322 1217.84 257.588 210.843 99.3323 85.573 960.252 626.077 227.349
internal_count=673831 548451 416810 125380 375403 324688 131641 84489 83598 42254 39191 47152 185265 122421
is_linear=0
shrinkage=0.05


Tree=127
num_leaves=15
num_cat=0
split_feature=19 9 13 13 5 5 12 10 11 7 3 7 13 16
split_gain=27.0522 19.4785 12.8545 23.2825 11.946 9.38063 7.92935 11.0312 10.221 8.96921 7.80743 10.6722 7.46686 7.23064
threshold=0.78758457303047191 0.85677316784858715 0.97368422150611889 0.20714285969734195 2.1409264802932744 3.2957410812377934 0.11805555596947671 0.011173533275723459 0.015504807699471714 4.5000000000000009 0.20935329049825671 2.5000000000000004 0.5419580638408662 4.2006096839904794
decision_type=2 2 2 2 2 2 2 2 2 2 2 2 2 2
left_child=1 2 3 10 6 13 7 -2 9 -9 11 -1 -5 -4
right_child=4 -3 5 12 -6 -7 -8 8 -10 -11 -12 -13 -14 -15
leaf_value=-0.0023277603537808513 -0.028358107238130172 0.0032041031959988706 -0.015630157942481071 -0.039583609852473035 -0.00023558785685162253 -0.027301162654513267 0.010285550177647819 0.010517540150062482 -0.012956437128787449 -0.037393336239852915 -0.0036755534464995225 -0.02371092030565726 -0.0154198566594592 0.0010034715661831868
leaf_weight=104.90465271057974 24.12862308955664 783.08904762201882 66.765718772789114 71.446525599911638 809.03108936594208 29.034867343048063 823.84739567779798 231.2532736558278 65.772919819195522 5.3648522920557289 596.13290785626214 129.95911838528264 72.990237148403139 724.60380566362437
leaf_count=40648 2931 78827 5996 89665 111891 17686 7377 2708 359 114 121563 71773 70588 51705
internal_value=-2.39087e-10 -0.00336217 -0.00622639 -0.0100914 0.00442253 -0.00159772 0.00768533 0.0010685 0.00383961 0.00867992 -0.00677674 -0.0144075 -0.0282971 -0.000489186
internal_weight=4538.33 2578.93 1795.84 975.433 1959.4 820.404 1150.37 326.52 302.391 236.618 830.997 234.864 144.437 791.37
internal_count=673831 548451 469624 394237 125380 75387 13489 6112 3181 2822 233984 112421 160253 57701
is_linear=0
shrinkage=0.05


Tree=128
num_leaves=15
num_cat=0
split_feature=19 9 5 5 2 7 10 1 0 2 15 9 9 5
split_gain=26.4708 18.74 14.922 11.3738 11.1438 12.3721 8.33346 8.03341 12.3086 7.67495 7.80585 7.31251 10.384 6.84142
threshold=0.78758457303047191 0.83983245491981517 3.5644427537918095 2.1409264802932744 3.5317403078079228 1.5000000000000002 0.012579114176332952 0.0050378153100609788 0.0053050769492983827 3.6893774271011357 5.9309172630310067 0.88722023367881786 0.88124561309814464 1.9619824886322024
decision_type=2 2 2 2 2 2 2 2 2 2 2 2 2 2
left_child=1 2 4 -2 5 -1 -7 -3 -9 -6 -11 12 -5 -10
right_child=3 7 -4 11 9 6 -8 8 13 10 -12 -13 -14 -15
leaf_value=0.012857305330133363 0.007560049486736423 -0.021444674925438216 -0.033919238658170828 -0.00074750013784525497 0.0262783552423176 -0.014916088309648119 -0.049443619932581201 0.037393379466683516 0.0034446685575302729 -0.005410207575310879 0.01608683578095069 0.0084348471400287652 -0.023273331679532116 -0.0038192519569570874
leaf_weight=34.363397972240818 1149.3319579283962 35.274423574574939 48.299044937032704 572.21311075661379 16.314897158920758 293.06195845469051 14.97384600341047 18.111994713795866 819.36204208576055 722.30692872359032 40.043274470996039 184.5765223274343 51.227423466279561 529.29229000143982
leaf_count=9512 13489 46061 50915 81844 4951 180896 2117 9634 36480 134561 5515 22214 7833 67809
internal_value=-1.41778e-10 -0.00333247 -0.00799191 0.00437526 -0.00672923 -0.0141837 -0.0173574 0.0005683 0.00121252 -0.00338175 -0.00418359 -0.000173449 -0.00276886 0.000590296
internal_weight=4528.75 2571.4 1169.36 1957.35 1121.06 342.399 308.036 1402.04 1366.77 778.665 762.35 808.017 623.441 1348.65
internal_count=673831 548451 388467 125380 337552 192525 183013 159984 113923 145027 140076 111891 89677 104289
is_linear=0
shrinkage=0.05


Tree=129
num_leaves=15
num_cat=0
split_feature=19 9 13 13 5 7 15 1 5 15 0 8 13 8
split_gain=25.3781 16.4258 12.9884 23.2564 10.6938 12.2726 10.3641 9.93282 9.06128 8.94035 8.2592 7.92743 7.86934 7.84589
threshold=0.80472412705421459 0.85677316784858715 0.97368422150611889 0.20714285969734195 3.6530514955520634 2.5000000000000004 2.9174053668975835 0.0093462024815380591 3.2957410812377934 3.1984648704528813 0.0077221228275448093 1.0000000180025095e-35 0.5419580638408662 7.8783202171325692
decision_type=2 2 2 2 2 2 2 2 2 2 2 2 2 2
left_child=1 2 3 -1 7 11 -7 -2 -4 -8 -9 -6 -5 -13
right_child=4 -3 8 12 5 6 9 10 -10 -11 -12 13 -14 -15
leaf_value=-0.0063200465805005011 0.026071990323387639 0.002873104207792976 -5.8630019606750928e-05 -0.039218320579713438 -0.0029165785883747339 0.017432787248177813 -0.04664586560910805 -0.026657061258541268 -0.02584239273751443 -0.00096658115816494836 0.0055007744586552795 -0.044450405311983555 -0.014863890536830167 -0.0050880837955440258
leaf_weight=857.39935694401333 53.995884365736856 785.69586848276595 810.19810907753163 71.62069528578877 49.325341093470342 69.561316497149619 7.9915281399239566 15.351778856769668 30.572207777372569 62.322879280261532 1571.022982096918 32.033745206229014 76.004073814592402 21.416375519495887
leaf_count=237135 5080 79239 58072 90294 3936 23736 3588 899 19118 25874 16553 19544 71288 19475
internal_value=-2.44199e-10 -0.00316887 -0.00574156 -0.00956351 0.0044251 -0.00529083 0.00433984 0.00587404 -0.00114341 -0.0089103 0.0051068 -0.0179913 -0.0275772 -0.0304631
internal_weight=4514.51 2631.49 1845.79 1005.02 1883.02 242.651 139.876 1640.37 840.77 70.3144 1586.37 102.775 147.625 53.4501
internal_count=673831 555146 475907 398717 118685 96153 53198 22532 77190 29462 17452 42955 161582 39019
is_linear=0
shrinkage=0.05


Tree=130
num_leaves=15
num_cat=0
split_feature=19 13 13 5 9 15 18 15 5 8 5 2 18 9
split_gain=24.7815 12.7052 57.4554 12.1361 11.6026 9.98221 13.6231 9.45201 10.0707 15.1259 14.967 8.94616 8.51097 8.10062
threshold=0.37979425489902502 0.97368422150611889 0.20714285969734195 6.1446294784545907 0.87470939755439769 4.0517470836639413 0.85060045123100292 3.3842465877532963 2.0385731458663945 6.0946922302246103 1.7893332839012148 16.518946647644047 0.81681683659553539 0.87247672677040111
decision_type=2 2 2 2 2 2 2 2 2 2 2 2 2 2
left_child=3 2 5 4 12 7 -7 11 9 -9 -11 -2 -1 -4
right_child=1 -3 13 -5 -6 6 -8 8 -10 10 -12 -13 -14 -15
leaf_value=-0.011682535291144913 -0.001356123415625345 0.0055729638572857574 -0.035935500500422643 -0.04081621405692272 0.016270725453821706 0.00092856308769858004 0.01854281561603242 0.031097230611972101 -0.021679217034584124 -0.01780700163297002 0.024038302798666394 0.0098154478188211877 -0.0029910498040890184 -0.0098281740989512173
leaf_weight=442.14850930737066 557.60110722053605 1564.1488340397455 112.2357162857129 19.43173626927819 55.658750490243619 252.24291223180671 190.11247963862479 25.141293556225719 90.364962240827481 89.521233006911643 22.950704905761086 258.3887732107296 774.76079293363182 46.204839386964977
leaf_count=221883 56055 98470 37350 38705 2135 32120 2930 642 16307 2804 629 16194 141372 6235
internal_value=-2.56541e-10 0.00235426 -0.000714302 -0.00583376 -0.00514193 0.00237222 0.00862134 -0.000304163 -0.00919133 -0.000518476 -0.00860846 0.00221966 -0.00618387 -0.0288556
internal_weight=4500.91 3208.91 1644.76 1292 1272.57 1486.32 442.355 1043.97 227.978 137.613 112.472 815.99 1216.91 158.441
internal_count=673831 269736 171266 404095 365390 127681 35050 92631 20382 4075 3433 72249 363255 43585
is_linear=0
shrinkage=0.05


Tree=131
num_leaves=15
num_cat=0
split_feature=19 9 5 5 5 8 5 5 15 16 16 15 5 10
split_gain=24.4873 14.4994 9.88025 8.76485 8.46106 16.9774 7.22994 7.64525 8.89849 8.25704 10.115 7.75296 7.17419 7.02978
threshold=0.6492956578731538 0.82276993989944469 2.9309395551681523 2.3941824436187749 5.7895598411560067 1.0000000180025095e-35 2.7712311744689946 2.1409264802932744 2.6020033359527592 4.6445906162261972 4.0029585361480722 1.7005987167358401 1.9465221762657168 0.013423423748463394
decision_type=2 2 2 2 2 2 2 2 2 2 2 2 2 2
left_child=1 3 6 -1 -3 -6 7 9 -9 10 -2 -12 -13 -4
right_child=2 4 13 -5 5 -7 -8 8 -10 -11 11 12 -14 -15
leaf_value=-0.0078023176523040116 0.0055582649373420367 -0.00068539793247536734 0.00026563605021618188 -0.025542745408846497 0.01281586520224948 -0.044337334212505242 0.019385180050765741 0.0086148744908510263 -0.0066394756236368415 0.00823910267093028 0.028273445887615239 -0.029230593546737377 0.014704815310465065 -0.015616321829883423
leaf_weight=496.29491285122504 120.14923459466081 1703.600487517393 312.46699257555156 78.166689466697562 19.097179355110711 26.403741031712116 83.630777126956673 142.88805122479243 265.68025708565983 1087.3090955290718 4.0320756466826415 54.167961826708051 7.8607862878634469 84.609693062164297
leaf_count=208633 1763 194239 117530 56670 9817 57325 1711 2790 5837 14448 26 943 111 1988
internal_value=-6.96715e-11 -0.00356021 0.00382424 -0.0104158 -0.00128533 -0.0214557 0.00542447 0.00467497 -0.00126494 0.0065781 -0.00308257 -0.0180835 -0.0229812 -0.00327063
internal_weight=4486.36 2323.56 2162.79 574.462 1749.1 45.5009 1765.72 1682.09 408.568 1273.52 186.21 66.0608 62.0287 397.077
internal_count=673831 526684 147147 265303 261381 67142 27629 25918 8627 17291 2843 1080 1054 119518
is_linear=0
shrinkage=0.05


Tree=132
num_leaves=15
num_cat=0
split_feature=19 5 9 5 19 7 18 15 5 11 16 13 13 1
split_gain=23.7662 13.9176 10.085 9.96665 9.62697 12.7584 11.7187 9.45399 9.34959 12.0451 9.84113 8.90641 47.1084 10.3758
threshold=0.54322910308837902 5.7895598411560067 0.78113046288490307 7.2159252166748056 0.1454604119062424 2.5000000000000004 0.84359738230705272 2.8617925643920903 2.0935126543045048 0.0083683477714657801 4.9659960269927987 0.97368422150611889 0.20714285969734195 0.010309409350156786
decision_type=2 2 2 2 2 2 2 2 2 2 2 2 2 2
left_child=1 2 -1 11 5 6 7 -4 9 -7 -11 12 13 -2
right_child=3 -3 4 -5 -6 8 -8 -9 -10 10 -12 -13 -14 -15
leaf_value=-0.025598231826501228 0.020903561311230775 -0.031520438870658272 0.0040696895640187558 -0.018184536418922176 -0.00086298449493815189 -0.030058724338188667 0.019260220332236514 -0.020484532486099452 -0.039056649101398881 0.0092016110359992211 -0.016182581700245443 0.006727607302161976 -0.029837510339237511 0.0024359666060108777
leaf_weight=45.164669136757539 77.135134176903421 40.317653627436357 83.499255221291151 48.354002540040256 1439.6832805347099 60.038354651308737 52.625866885249707 66.706876937570087 36.107264045740067 69.699421294641979 73.593830808417806 1210.8293754838787 109.71212314184163 1062.136192148484
leaf_count=36431 38563 71475 29036 54244 197292 70049 4291 33893 26834 10979 13371 48455 18619 20299
internal_value=-3.03656e-10 -0.00410817 -0.00345459 0.00322426 -0.00285675 -0.00926465 5.62733e-06 -0.00714352 -0.0169571 -0.0121895 -0.00394149 0.00368114 0.000712689 0.0037722
internal_weight=4475.6 1967.44 1927.12 2508.17 1881.95 442.271 202.832 150.206 239.439 203.332 143.293 2459.81 1248.98 1139.27
internal_count=673831 493651 422176 180180 385745 188453 67220 62929 121233 94399 24350 125936 77481 58862
is_linear=0
shrinkage=0.05


Tree=133
num_leaves=15
num_cat=0
split_feature=19 5 5 9 13 13 12 1 9 11 7 16 11 2
split_gain=23.245 11.5208 10.5645 10.8021 9.64661 39.3312 11.5324 11.0909 9.27219 12.1259 11.1152 8.95618 8.20085 7.91808
threshold=0.37979425489902502 3.0095890760421757 6.1446294784545907 0.87470939755439769 0.97368422150611889 1.0000000180025095e-35 0.73214286565780651 0.0080000641755759733 0.82179713249206554 0.0084389690309762972 2.5000000000000004 4.9150633811950692 0.0079682543873786944 5.3055641651153573
decision_type=2 2 2 2 2 2 2 2 2 2 2 2 2 2
left_child=2 4 3 13 5 6 7 -2 -3 10 -10 -11 -12 -1
right_child=1 8 -4 -5 -6 -7 -8 -9 9 11 12 -13 -14 -15
leaf_value=-0.0098073079705606192 0.031287320931534211 -0.025187639758271142 -0.039482466864023014 0.015689699597998426 0.0065258858568031574 -0.024800865427331318 0.015425818600680855 0.00054675635333378771 -0.010360956939868901 -0.038764202686119215 0.0044830903099391172 -0.0064549854546591392 0.032060770122011868 -0.0016689152750247493
leaf_weight=647.07970204579237 25.218119809165728 45.010179865869759 17.82491215140567 55.170422224482536 1356.5278362475383 132.46563017286644 166.70538069832219 1019.6150413399409 116.34322945850681 28.974775318634784 203.51600094498644 65.258991117605547 26.543839401001605 556.26927277155391
leaf_count=283738 12570 29603 38705 2135 28723 21109 1616 28420 48887 1370 93184 2433 1821 79517
internal_value=-4.8548e-10 0.0022841 -0.00568855 -0.00505556 0.00355947 0.000552325 0.0034149 0.00143419 -0.00477182 -0.00242718 0.00196038 -0.017842 0.00827924 -0.00606767
internal_weight=4462.52 3186.18 1276.34 1258.52 2700.53 1344 1211.54 1044.83 485.647 440.637 346.403 94.2338 230.06 1203.35
internal_count=673831 269736 404095 365390 92438 63715 42606 40990 177298 147695 143892 3803 95005 363255
is_linear=0
shrinkage=0.05


Tree=134
num_leaves=15
num_cat=0
split_feature=19 5 5 8 8 0 12 2 2 11 8 1 1 9
split_gain=22.8421 12.3602 9.96223 20.454 14.2691 11.3333 10.5195 11.7029 10.3759 9.75119 9.64197 9.26261 10.0054 9.18094
threshold=0.54322910308837902 5.7895598411560067 4.1796958446502694 1.0000000180025095e-35 7.8783202171325692 0.0058651531580835589 0.58571431040763866 16.518946647644047 14.781233787536623 0.0074350468348711738 8.8911561965942401 0.0050378153100609788 0.0098043931648135203 0.78113046288490307
decision_type=2 2 2 2 2 2 2 2 2 2 2 2 2 2
left_child=1 13 5 -4 -5 11 7 8 -7 -6 -9 -2 -13 -1
right_child=2 -3 3 4 9 6 -8 10 -10 -11 -12 12 -14 -15
leaf_value=-0.024762874309363317 0.00037338506273897553 -0.030374088348963098 0.007177609707885238 -0.033786620153697808 -0.014152702805423656 0.00051332275921769043 0.0089532382847981335 0.014316663864674936 -0.013431913617415667 0.028026351791505089 -3.8931150509886716e-05 0.04942542794144316 -0.024936008853728552 -0.0028670194009498837
leaf_weight=44.258647865495732 21.996134897415686 38.669066412837537 137.96428415661649 72.958241331679801 35.334340648886155 912.03767124271508 651.43942484072068 257.57553839395041 151.17252087877569 15.753177064115333 210.87756754533621 29.065644417787556 2.1335039347322882 1869.3529653481999
leaf_count=36431 4780 71475 13873 52214 61630 25952 6613 2813 2675 3179 3008 3110 333 385745
internal_value=1.09115e-10 -0.00404643 0.00316381 -0.00598108 -0.0203273 0.0042462 0.00365664 0.00138211 -0.00152307 0.000192483 0.00792222 0.0260486 0.0415984 -0.00343665
internal_weight=4450.59 1952.28 2498.31 262.01 124.046 2236.3 2183.1 1531.66 1063.21 51.0875 468.453 53.1953 31.1991 1913.61
internal_count=673831 493651 180180 130896 117023 49284 41061 34448 28627 64809 5821 8223 3443 422176
is_linear=0
shrinkage=0.05


Tree=135
num_leaves=15
num_cat=0
split_feature=19 13 13 18 15 18 15 10 5 15 2 2 15 10
split_gain=22.5041 11.0048 49.3173 9.96697 7.53813 11.8397 7.59201 8.44541 7.29185 8.83361 7.91847 9.95434 8.05765 10.8896
threshold=0.37979425489902502 0.97368422150611889 0.20714285969734195 0.81705695390701305 4.0517470836639413 0.85060045123100292 3.3842465877532963 0.0085107926279306429 1.651820242404938 6.0602900981903085 15.190729618072512 9.3129000663757342 3.2769666910171513 0.013793759513646366
decision_type=2 2 2 2 2 2 2 2 2 2 2 2 2 2
left_child=3 2 4 -1 6 -6 -2 -8 9 -3 11 -10 13 -13
right_child=1 8 -4 -5 5 -7 7 -9 10 -11 -12 12 -14 -15
leaf_value=-0.011386863212454855 0.0021507170008521559 0.0099049177788318038 -0.027070561449654747 -0.0022103913666371719 0.00050816111835829585 0.016996214703996301 -0.032437533350670976 -0.0042350079613295479 0.0088925553437145931 -0.023054163474686754 0.0076010260703669444 -0.028757328561530845 0.0006464521698636037 -0.0028483553903842951
leaf_weight=466.28377481169082 805.91909947088698 690.67463566349397 154.09686789458374 803.75383784182577 250.79401984879223 187.84531359060566 26.114315937142237 196.73198921456969 139.66344995465488 16.333455632207915 363.93138713459712 70.164456758445795 177.09632938374534 90.765861856198171
leaf_count=263031 72249 11206 43585 141064 32120 2930 15358 5024 14042 376 35590 18945 17513 798
internal_value=-3.23131e-10 0.00225317 -0.000626355 -0.0056109 0.00223313 0.00768107 -0.000115646 -0.00817923 0.0052605 0.00898694 0.0020955 -0.00213421 -0.00675338 -0.0146706
internal_weight=4440.17 3170.13 1621.5 1270.04 1467.4 438.639 1028.77 222.846 1548.63 707.008 841.621 477.69 338.027 160.93
internal_count=673831 269736 171266 404095 127681 35050 92631 20382 98470 11582 86888 51298 37256 19743
is_linear=0
shrinkage=0.05


Tree=136
num_leaves=15
num_cat=0
split_feature=19 5 12 13 9 5 18 11 18 19 15 18 11 19
split_gain=21.8731 11.4541 10.6121 9.61792 10.8858 11.0213 9.36572 6.93486 6.9233 9.06019 8.82702 8.52451 8.68328 7.47902
threshold=0.30431982874870306 7.1644146442413339 0.30952382087707525 0.89736840128898632 0.86336052417755138 0.83430707454681408 0.80737546086311351 0.0074350468348711738 0.86440506577491771 0.48524045944213873 3.2384861707687382 0.86718782782554638 0.013606071937829258 0.87534284591674816
decision_type=2 2 2 2 2 2 2 2 2 2 2 2 2 2
left_child=3 2 8 4 6 -6 -1 -3 -2 10 -10 -11 13 -13
right_child=1 7 -4 -5 5 -7 -8 -9 9 11 -12 12 -14 -15
leaf_value=-0.024184037551481762 -0.0027958575235056105 -0.028115167189027436 0.0044512074518919002 -0.0011835816940201313 0.037394677043541387 -0.008166302271021204 -0.0087162539062315223 0.0074092744493262572 -0.045834592279708326 0.033397671702400371 0.0075880503087858561 -0.040751311563242805 0.011225433662041118 0.0062320141932395651
leaf_weight=141.05987544637173 1126.3730656616531 44.938431836791551 2089.9829442839605 433.67643502934698 17.471980752132367 29.035646573461236 329.49439538663819 16.5035815422425 10.135656681028197 29.759672668260464 13.360320807354581 12.042423254148163 124.46908074805106 14.578570727826444
leaf_count=152697 133680 74076 109129 49119 431 7917 139055 3520 631 522 544 1125 946 439
internal_value=8.92129e-11 0.00183665 0.00223294 -0.00670129 -0.0112735 0.0109185 -0.0135586 -0.0187336 -0.00125462 0.00710468 -0.019456 0.010986 0.00564328 -0.0181047
internal_weight=4432.88 3482.14 3420.7 950.738 517.062 46.5076 470.554 61.442 1330.72 204.346 23.496 180.85 151.09 26.621
internal_count=673831 324612 247016 349219 300100 8348 291752 77596 137887 4207 1175 3032 2510 1564
is_linear=0
shrinkage=0.05


Tree=137
num_leaves=15
num_cat=0
split_feature=19 9 5 8 8 10 15 5 19 12 2 5 16 0
split_gain=21.4123 12.4528 8.82981 16.0766 13.4932 8.84172 7.80991 7.80289 13.9777 7.62912 9.00412 8.70934 8.54187 10.3542
threshold=0.61228078603744518 0.82276993989944469 4.5554723739624032 1.0000000180025095e-35 7.8783202171325692 0.0044150324538350114 3.5408543348312382 1.1831769943237307 0.27402839064598089 0.58571431040763866 16.518946647644047 0.67013597488403331 4.5926673412323007 0.014815627597272398
decision_type=2 2 2 2 2 2 2 2 2 2 2 2 2 2
left_child=1 7 9 5 -5 -4 -6 8 -1 10 11 -2 13 -13
right_child=2 -3 3 4 6 -7 -8 -9 -10 -11 -12 12 -14 -15
leaf_value=-0.012361574917895813 0.0088971921290141934 -0.001307662429516785 -0.01385991202252352 -0.035427865109518002 0.013743792996427301 0.015496687612927768 -0.025827045695007829 -0.015714466150107284 0.010763509993606868 0.0091302113910504343 0.0081585570464563911 0.0020046653902206688 -0.00071128083893495135 -0.030081085977671909
leaf_weight=170.01536833729642 196.29740908726262 1640.3187825104019 32.254622868327715 56.033343996726217 31.966758046185532 80.071870053936436 13.81704508663506 282.09532261265986 99.61243539829502 608.58825804669868 457.13368429442198 43.229850864225227 656.63587068065317 53.203754342903267
leaf_count=89858 3625 254245 6938 47548 35205 4220 23423 154955 18759 6376 6049 2629 19482 519
internal_value=3.14648e-11 -0.00350496 0.00344662 -0.00610659 -0.0200362 0.00683551 0.000434682 -0.00996729 -0.00377773 0.00447444 0.00243469 -0.000349734 -0.00280285 -0.0163077
internal_weight=4421.27 2192.04 2229.23 214.144 101.817 112.326 45.7838 551.723 269.628 2015.09 1406.5 949.367 753.069 96.4336
internal_count=673831 517817 156014 117334 106176 11158 58628 263572 108617 38680 32304 26255 22630 3148
is_linear=0
shrinkage=0.05


Tree=138
num_leaves=15
num_cat=0
split_feature=19 5 8 9 19 9 7 5 1 11 2 8 0 15
split_gain=20.8694 12.112 13.3366 12.6643 10.7666 10.657 10.325 8.22773 7.99574 8.8942 7.15588 7.14269 9.804 10.0656
threshold=0.61228078603744518 5.7895598411560067 1.0000000180025095e-35 0.83983245491981517 0.1454604119062424 0.78202781081199657 1.5000000000000002 2.9309395551681523 0.015918585471808914 0.0084389690309762972 7.1721274852752694 9.3003182411193865 0.0092167854309082049 3.0201274156570439
decision_type=2 2 2 2 2 2 2 2 2 2 2 2 2 2
left_child=1 3 -3 4 6 -6 -1 -2 9 -8 -10 -5 -13 -14
right_child=7 2 -4 11 5 -7 8 -9 10 -11 -12 12 13 -15
leaf_value=0.01029405450212616 0.0048340439721377476 0.0043224325890931234 -0.046512043829601925 0.0030552650170391276 -0.030718623965573563 -0.0020777915280726614 -0.023676736113983618 -0.0030458923278293068 -0.040132810226352088 -0.0038986624936889975 0.019115344037866078 0.011737792739038494 -0.026077111553236932 -0.0030769444118010979
leaf_weight=33.935749777375122 1821.7176515741542 19.82536355798743 28.176181945845428 850.12933524997698 29.148832959103856 690.52072106376863 103.92782290767286 401.0376663500308 46.430782711305255 123.88954875312038 2.740278828321606 54.634189148857331 69.680276818611674 135.42242454584266
leaf_count=10142 31093 12806 69456 56610 21289 143806 133028 124921 4853 33549 63 19972 5089 7154
internal_value=3.52154e-10 -0.00346196 -0.0270895 -0.0028702 -0.00684728 -0.00344178 -0.0145505 0.00340867 -0.0177229 -0.0132359 -0.0353714 0.000836964 -0.0063442 -0.0113255
internal_weight=4411.22 2188.46 48.0015 2140.46 1030.59 719.67 310.924 2222.76 276.988 227.817 49.1711 1109.87 259.737 205.103
internal_count=673831 517817 82262 435555 346730 165095 181635 156014 171493 166577 4916 88825 32215 12243
is_linear=0
shrinkage=0.05


Tree=139
num_leaves=15
num_cat=0
split_feature=9 13 13 5 2 0 19 5 9 1 16 15 10 2
split_gain=20.6972 23.1793 44.423 11.5257 10.7808 10.478 10.4012 9.61384 7.82038 7.7449 9.58223 16.0686 10.7154 8.93973
threshold=0.86051976680755626 0.97368422150611889 0.20714285969734195 3.5644427537918095 11.338845252990724 0.0068260179832577714 0.76489257812500011 1.651820242404938 0.85940641164779674 0.029561491683125499 4.8125617504119882 1.4978661537170412 0.0082988981157541292 13.891202449798586
decision_type=2 2 2 2 2 2 2 2 2 2 2 2 2 2
left_child=1 2 4 6 -1 -6 -3 -2 -7 10 11 -8 -13 -12
right_child=7 3 -4 -5 5 8 9 -9 -10 -11 13 12 -14 -15
leaf_value=-0.0070119752523606985 0.0088104330824157352 0.00018212839528540525 -0.029240898147289914 -0.017586910587924841 0.025960778095931742 0.0013287719175962885 0.017369893454457077 0.0011048100431559197 -0.036767727112847384 0.021376395400930764 0.00072027767651795577 0.017026641784818549 -0.04863294329132635 0.020037474038725297
leaf_weight=810.71590044274353 706.20172126357261 827.76602083301987 188.92088388159027 64.395289271398269 38.193819566540697 421.19391648902911 20.935446703631897 943.3862322435682 8.9106670770997862 104.76367495424347 128.4256068377872 5.2454164087539565 22.967046758334618 107.87477599837439
leaf_count=229135 10482 60603 171739 37667 23880 16634 338 118179 369 470 2537 217 502 1079
internal_value=1.62906e-10 -0.00265443 -0.00693446 0.00225282 -0.00353858 0.0024851 0.00336938 0.0044203 0.000126064 0.0100427 0.00558671 -0.0135772 -0.0356997 0.00977134
internal_weight=4399.9 2750.31 1467.94 1282.37 1279.01 468.298 1217.98 1649.59 430.105 390.212 285.448 49.1479 28.2125 236.3
internal_count=673831 545170 441757 103413 270018 40883 65746 128661 17003 5143 4673 1057 719 3616
is_linear=0
shrinkage=0.05


Tree=140
num_leaves=15
num_cat=0
split_feature=19 9 5 13 13 13 5 15 15 12 15 5 5 16
split_gain=19.5755 15.7758 9.02306 8.97642 10.9725 9.75995 8.57363 8.15055 7.24573 11.2901 8.91195 11.2725 10.8989 7.6337
threshold=0.78758457303047191 0.85059899091720592 3.2957410812377934 0.97368422150611889 0.20714285969734195 0.5419580638408662 2.1409264802932744 5.5740516185760507 5.5432205200195321 0.30952382087707525 2.8617925643920903 4.2830162048339853 2.5044574737548833 4.8001670837402353
decision_type=2 2 2 2 2 2 2 2 2 2 2 2 2 2
left_child=1 2 3 4 -1 -6 -2 -5 10 -10 -8 12 -12 -14
right_child=6 -3 -4 7 5 -7 8 -9 9 -11 11 -13 13 -15
leaf_value=-0.0062641822554718452 0.0066229039881763249 0.0020079721839250755 -0.022894679064477747 -0.0025867448053304622 -0.037316153363333902 -0.007807677874103653 0.0042644859010758139 0.01705399106620898 -0.023868323181242462 0.024015909070930416 -0.016012889827458479 -0.0223967131654207 -0.018456677034916321 0.0080399722559977276
leaf_weight=664.51827871230284 1115.760023748069 982.73602753733735 71.581411222835868 603.39034652378177 54.319861258391029 59.509629753368245 331.62923609393169 52.855871604442655 11.156245400187798 55.803664713229409 91.929301756084897 84.768491380047635 27.029286145414517 180.22484068515769
leaf_count=184893 13489 104380 68973 49737 76761 60704 48952 3003 2180 4156 1755 50066 831 3951
internal_value=-2.0929e-10 -0.00291441 -0.00612214 -0.00520864 -0.0088227 -0.0228669 0.00381878 -0.000887834 -0.00019606 0.0149338 -0.00170562 -0.00685069 -0.00215025 0.00423101
internal_weight=4387.21 2488.91 1506.18 1434.59 778.348 113.829 1898.3 656.246 782.541 66.9599 715.581 383.952 299.183 207.254
internal_count=673831 548451 444071 375098 322358 137465 125380 52740 111891 6336 105555 56603 6537 4782
is_linear=0
shrinkage=0.05


Tree=141
num_leaves=15
num_cat=0
split_feature=19 5 8 5 7 10 12 2 1 13 5 0 9 5
split_gain=18.845 10.2787 13.664 10.618 10.3844 10.1578 9.75526 11.1154 10.9963 12.9505 9.15275 9.06893 8.43462 7.80826
threshold=0.32167416810989385 3.6530514955520634 1.0000000180025095e-35 4.0109407901763925 2.5000000000000004 0.0044150324538350114 0.43650794029235845 16.518946647644047 0.0078740767203271406 0.59166666865348827 2.5717338323593144 0.0048193051479756841 0.86514279246330272 4.5554723739624032
decision_type=2 2 2 2 2 2 2 2 2 2 2 2 2 2
left_child=10 6 3 -3 -4 -5 7 -2 9 11 -1 -8 -12 -6
right_child=1 2 4 5 13 -7 8 -9 -10 -11 12 -13 -14 -15
leaf_value=-0.0042250359646042518 -0.0019970268313230632 -0.033942868859905821 -0.031702367905479679 -0.012449820589763091 0.015395669615956151 0.01418080529119415 -0.015504265062800046 0.0078905918727383232 0.0050579815179293188 0.00047871189955892474 -0.025558937108083036 0.068824666979643984 0.0073493250767960377 -0.014321041533764421
leaf_weight=896.962477174372 1302.7425569399011 12.661153013741339 63.435630684979515 45.482527391447547 26.486679312849446 122.00945806850541 1.8807279228349241 358.17689222762056 1329.1666197180148 18.098403118334318 90.856333645152517 14.771944821473879 22.033418112345316 71.365198990987892
leaf_count=283934 97170 1715 60302 13411 1629 9679 1057 5835 22992 2725 69023 1980 9547 92832
internal_value=2.67413e-10 0.00179817 -0.00636563 0.00309543 -0.0167087 0.00679799 0.00272868 0.000152519 0.0058538 0.0318274 -0.00597341 0.0579197 -0.0190967 -0.00591988
internal_weight=4376.13 3366.28 341.441 180.153 161.288 167.492 3024.84 1660.92 1363.92 34.7511 1009.85 16.6527 112.89 97.8519
internal_count=673831 311327 179568 24805 154763 23090 131759 103005 28754 5762 362504 3037 78570 94461
is_linear=0
shrinkage=0.05


Tree=142
num_leaves=15
num_cat=0
split_feature=19 9 5 2 13 13 16 3 5 8 8 11 10 0
split_gain=18.6494 12.5175 12.3163 10.5583 9.02811 20.7799 9.6868 8.32915 8.14601 14.1734 11.0212 9.21366 8.6012 8.57749
threshold=0.6492956578731538 0.87247672677040111 5.7895598411560067 11.061209678649904 0.97368422150611889 0.18465909361839297 4.2006096839904794 0.45749890804290777 4.5554723739624032 1.0000000180025095e-35 7.8783202171325692 0.007272823480889202 0.0044150324538350114 0.0057637365534901628
decision_type=2 2 2 2 2 2 2 2 2 2 2 2 2 2
left_child=1 2 4 -3 5 -1 7 -6 13 12 -11 -12 -10 -2
right_child=8 3 -4 -5 6 -7 -8 -9 9 10 11 -13 -14 -15
leaf_value=-0.004160253639806398 0.025191009674114653 0.016521779039041128 -0.03130262018516923 -0.0038977691905211658 -0.030229529750566482 -0.024297974079227139 0.0012406041751534718 0.0018172360183941871 -0.0143419947520606 -0.033792924835813497 -0.017261750810862224 0.025121878011154154 0.014986529002562199 0.0038464709346686787
leaf_weight=892.61038191820398 43.509136845874082 135.20360360745235 36.950757726356187 112.55183772833925 42.792459358115366 145.26827814605508 860.25080191259622 34.281333572269432 31.317491326422896 52.803412092938061 27.209977431210973 16.304591368990259 77.523395637275826 1860.7727445576502
leaf_count=211896 5181 16322 67359 11388 5415 151063 61404 1837 6518 45796 53042 3315 3995 29300
internal_value=-9.42574e-11 -0.00315261 -0.00446104 0.00735186 -0.00388113 -0.00708184 -0.000318283 -0.0167332 0.00337696 -0.00598719 -0.0194846 -0.000428516 0.00628837 0.00439884
internal_weight=4369.35 2259.91 2012.15 247.755 1975.2 1037.88 937.325 77.0738 2109.44 205.159 96.318 43.5146 108.841 1904.28
internal_count=673831 526684 498974 27710 431615 362959 68656 7252 147147 112666 102153 56357 10513 34481
is_linear=0
shrinkage=0.05


Tree=143
num_leaves=15
num_cat=0
split_feature=19 12 18 5 15 10 10 0 9 9 0 7 5 2
split_gain=18.9403 9.45123 8.48635 8.25737 7.80088 7.20957 7.35287 11.3902 9.81463 9.74433 8.83131 6.83787 6.82391 6.57655
threshold=0.30431982874870306 0.30952382087707525 0.83172580599784862 5.3525319099426278 2.0126758217811589 0.0038535788189619784 0.0088107436895370501 0.0057637365534901628 0.82668611407279979 0.88953837752342235 0.0050378153100609788 3.5000000000000004 7.3078691959381112 11.533276557922365
decision_type=2 2 2 2 2 2 2 2 2 2 2 2 2 2
left_child=2 3 13 5 -5 -2 7 8 -7 11 -10 -9 -3 -1
right_child=1 12 -4 4 -6 6 -8 9 10 -11 -12 -13 -14 -15
leaf_value=-0.011164210778382679 0.020192607357643298 0.0041424459226519434 -0.00061804824891446342 0.0057155505700146646 -0.031315762615212996 -0.016732825739580449 6.066009555539585e-05 -0.012185953988714228 -0.0057743529828643801 0.026916867522630606 0.047013495748785689 -0.040052606248543579 -0.019207623274066346 0.02181514170255211
leaf_weight=533.16133973498745 34.976466952716009 2076.1043861548374 385.95155514861472 19.247842259469962 37.882606525615984 18.364761697381255 1085.7312093738419 58.446032279409337 11.64900710179427 5.9913919795217216 14.599668045106226 38.31600429266382 26.903079628844353 11.065719136413461
leaf_count=288180 10740 118055 59333 18775 50955 17081 38530 16779 4216 149 2272 10541 36519 1706
internal_value=3.11831e-10 0.0017183 -0.0063082 -0.00158531 -0.0193836 -0.000710461 -0.00138252 -0.0116683 0.00875475 -0.0205303 0.0264111 -0.0246464 0.00379889 -0.0103012
internal_weight=4358.39 3428.21 930.179 1325.2 57.1304 1268.07 1233.1 147.367 44.6134 102.753 26.2487 96.762 2103.01 544.227
internal_count=673831 324612 349219 170038 69730 100308 89568 51038 23569 27469 6488 27320 154574 289886
is_linear=0
shrinkage=0.05


Tree=144
num_leaves=15
num_cat=0
split_feature=19 9 5 8 19 7 1 10 10 18 18 16 8 11
split_gain=18.7101 11.9868 9.48824 12.7285 8.55025 11.9056 10.1812 11.7397 13.388 11.5975 10.1586 8.66285 8.29137 7.79157
threshold=0.61228078603744518 0.78113046288490307 5.7895598411560067 1.0000000180025095e-35 0.1454604119062424 2.5000000000000004 0.010752843692898752 0.0081634009256958979 0.0091326101683080214 0.82607644796371471 0.84359738230705272 4.989145278930665 8.5591940879821795 0.0092167854309082049
decision_type=2 2 2 2 2 2 2 2 2 2 2 2 2 2
left_child=1 -1 4 -4 5 10 9 -8 -9 12 11 -3 -6 -11
right_child=-2 2 3 -5 6 -7 7 8 -10 13 -12 -13 -14 -15
leaf_value=-0.027412600312240933 0.0032416833409154204 -0.0198308597437684 0.0060825841596933074 -0.045059659042673228 0.0087639281218070322 -0.016168655381949198 -0.012538289152400609 0.019783702099914303 -0.0015325773899551589 0.028731226046141214 0.01866249400430376 0.0043248906992067798 -0.016252260593590421 -0.018568533385717421
leaf_weight=45.438824564526385 2197.5095739348712 60.84721889511161 18.813447471721474 24.691139596897528 95.115282541127726 226.83137557590044 222.33688062503279 73.783484810475784 1127.8267698711829 72.628311309220408 51.296188159021767 81.811457415336235 44.503427939528137 6.3799290007718801
leaf_count=41928 156014 31213 11814 65299 56675 121233 28231 5643 42897 33884 4291 31716 40294 2699
internal_value=-1.42346e-11 -0.00330961 -0.00272611 -0.0245961 -0.00220665 -0.00852102 -0.000568122 -0.00211899 -0.000147119 0.00935446 0.000604511 -0.00630073 0.000503811 0.0240339
internal_weight=4349.81 2152.3 2106.86 43.5046 2063.36 420.786 1642.57 1423.95 1201.61 218.627 193.955 142.659 139.619 79.0082
internal_count=673831 517817 475889 77113 398776 188453 210323 76771 48540 133552 67220 62929 96969 36583
is_linear=0
shrinkage=0.05


Tree=145
num_leaves=15
num_cat=0
split_feature=19 5 8 8 11 10 12 16 0 1 8 18 10 9
split_gain=17.8077 9.2027 21.3158 11.511 9.83838 8.68286 8.4088 8.91377 11.0208 14.6586 13.3526 8.35418 10.1109 10.935
threshold=0.30431982874870306 4.1796958446502694 1.0000000180025095e-35 7.8783202171325692 0.007272823480889202 0.0044150324538350114 0.81666666269302379 4.5926673412323007 0.0057637365534901628 0.0050378153100609788 2.2499048709869389 0.87214052677154552 0.015268065501004459 0.88953837752342235
decision_type=2 2 2 2 2 2 2 2 2 2 2 2 2 2
left_child=-1 6 5 -4 -5 -3 7 -2 9 -9 -11 -8 -13 -14
right_child=1 2 3 4 -6 -7 11 8 -10 10 -12 12 13 -15
leaf_value=-0.0061422148574293853 -0.0055291020807886502 -0.012478121715272848 -0.032350981004719719 -0.017205217665228409 0.023289890087688822 0.012725877589281674 0.00059293234216476224 -0.0027672117077043581 0.002106666338139206 -0.018338206513023338 0.048571255461128365 0.032506252432059679 0.023954997208961486 -0.010237702496172216
leaf_weight=923.36944725251442 369.68752107096316 43.181764362855347 80.789395819769652 36.572687058585188 18.518154859688366 115.4996428938839 113.44765880198975 38.061692919571215 2409.5188048310292 6.2770978730741254 38.041022167633855 65.551551807868236 39.931382963637589 44.475946420549008
leaf_count=349219 21349 13566 70471 80512 4825 9489 1258 18686 92593 2905 8071 408 208 271
internal_value=2.65151e-10 0.00166511 -0.006712 -0.0208894 -0.00278798 0.00569549 0.00246419 0.00166731 0.00274388 0.0201945 0.038196 0.010929 0.018477 0.0063732
internal_weight=4342.92 3419.55 294.562 135.88 55.0908 158.681 3124.99 2861.59 2491.9 82.3798 44.3181 263.407 149.959 84.4073
internal_count=673831 324612 178863 155808 85337 23055 145749 143604 122255 29662 10976 2145 887 479
is_linear=0
shrinkage=0.05


Tree=146
num_leaves=15
num_cat=0
split_feature=19 13 13 13 13 9 5 18 5 15 18 1 0 9
split_gain=17.6288 8.8126 49.0246 8.27849 13.1975 7.95788 9.71224 7.72013 7.13038 6.9407 6.62902 7.85475 12.0806 9.95911
threshold=0.30431982874870306 0.97368422150611889 0.20714285969734195 0.64495798945426952 0.18465909361839297 0.86336052417755138 0.83430707454681408 0.80737546086311351 0.01530011370778084 0.89587974548339855 0.86095264554023754 0.01010113535448909 0.0050378153100609788 0.82019230723381054
decision_type=2 2 2 2 2 2 2 2 2 2 2 2 2 2
left_child=3 2 8 4 5 7 -7 9 -2 -1 11 12 -10 -14
right_child=1 -3 -4 -5 -6 6 -8 -9 10 -11 -12 -13 13 -15
leaf_value=0.0059296932059094629 0.018131985210292807 0.0042571252501075385 -0.025865453583268302 -0.0012331007947955297 -0.033099690979852284 0.038005457014875489 -0.0072697621952221153 -0.0050870259777547853 -0.012602656460914449 -0.026301785654048199 0.0063738534114167111 -0.002494349112782698 -0.0056151418434736214 0.028693990042329129
leaf_weight=18.312731891693602 60.396365768438955 1664.3011418087303 170.82779901669414 449.64454383910083 53.247176213634702 15.647499634469566 24.756387384713889 270.92203950306885 37.992464810188949 89.436317282928258 443.04551270019329 941.29888961839242 27.4391769804256 70.057155249265179
leaf_count=10039 1213 111222 58609 82532 94238 328 6064 80513 45725 75505 7354 39316 19021 42152
internal_value=2.20302e-10 0.00165755 -0.000818313 -0.0061161 -0.010703 -0.00750064 0.0125187 -0.00977199 0.0019624 -0.0208038 0.0012625 -0.000860317 0.0101768 0.0192352
internal_weight=4337.33 3415.36 1751.06 921.967 472.322 419.075 40.4039 378.671 1580.23 107.749 1519.83 1076.79 135.489 97.4963
internal_count=673831 324612 213390 349219 266687 172449 6392 166057 154781 85544 153568 146214 106898 61173
is_linear=0
shrinkage=0.05


Tree=147
num_leaves=15
num_cat=0
split_feature=19 9 5 7 9 2 1 15 9 15 15 5 9 2
split_gain=17.4663 14.1697 7.94906 7.90985 12.1151 8.05026 9.23001 10.7671 7.23911 14.9081 13.8045 6.84034 6.89762 6.79369
threshold=0.78758457303047191 0.85059899091720592 5.6855499744415292 1.5000000000000002 0.79265064001083385 3.3574664592742924 0.0074350468348711738 3.8815106153488164 0.84701666235923778 2.9174053668975835 3.3140207529067998 2.1409264802932744 0.90731471776962291 7.4033503532409677
decision_type=2 2 2 2 2 2 2 2 2 2 2 2 2 2
left_child=1 2 3 -1 -5 -6 7 -7 -8 -10 -11 12 13 -2
right_child=11 -3 -4 4 5 6 8 -9 9 10 -12 -13 -14 -15
leaf_value=0.013572828258711018 -0.0066117422677973541 0.0019032244873922759 -0.030303461305695119 -0.021608992670132832 -0.011527422640355481 -0.0029146240352328034 -0.0023243077713141738 0.031246105798194087 -0.041749032715098749 0.033636273523132899 -0.015898736778804389 6.497176203243696e-06 -0.017230604197230999 0.0079242610710444188
leaf_weight=49.037568633089222 83.670392018044367 972.86746192933742 27.73869391994981 109.44062169062431 311.45284313446768 48.761177615551333 806.58190473518653 37.499528921442106 31.935681581104291 15.277716658420102 40.917645533272662 772.22142756838957 26.118846607540036 997.10052501098744
leaf_count=10864 2887 104380 47710 70925 167550 42485 77129 21992 2360 502 2554 111891 203 10399
internal_value=-2.31754e-11 -0.00277772 -0.00585356 -0.00528366 -0.00598915 -0.00458831 -0.0023379 0.0128341 -0.00386386 -0.0170727 -0.000783813 0.0036216 0.0061323 0.00677366
internal_weight=4330.62 2451.51 1478.64 1450.9 1401.87 1292.43 980.974 86.2607 894.713 88.131 56.1954 1879.11 1106.89 1080.77
internal_count=673831 548451 444071 396361 385497 314572 147022 64477 82545 5416 3056 125380 13489 13286
is_linear=0
shrinkage=0.05


Tree=148
num_leaves=15
num_cat=0
split_feature=2 12 7 5 13 15 10 10 18 5 15 9 0 10
split_gain=16.4268 10.5119 10.0438 8.81916 8.26169 9.05379 7.20002 7.4589 7.13568 6.99201 6.97711 6.69261 6.68171 12.6441
threshold=5.248507261276246 0.26785714924335485 2.5000000000000004 5.3525319099426278 0.64495798945426952 2.8617925643920903 0.0038986502913758163 0.0048193051479756841 0.87449324131011974 7.3078691959381112 2.0126758217811589 0.85429841279983532 0.0057637365534901628 0.0079052620567381399
decision_type=2 2 2 2 2 2 2 2 2 2 2 2 2 2
left_child=2 3 -1 6 5 11 -2 -8 12 -3 -5 -4 -9 -14
right_child=1 9 4 10 -6 -7 7 8 -10 -11 -12 -13 13 -15
leaf_value=-0.00068739005819030844 0.018276117899524005 0.0038423187054750542 -0.014792360048957134 0.0030748629925083904 -0.0048899253485739638 -0.031369944919848333 -0.025603822568601393 0.020951493859363492 0.010681633539330423 -0.019676980999845092 -0.032103209839630616 0.016416170176552117 -0.023420686861868174 -0.0016381055209336714
leaf_weight=338.97908450988098 41.057463989060579 2185.8605563220872 81.645488629004035 20.023780994472531 184.62822181441425 86.296794154853956 27.22481508859164 24.943184721924808 109.54777129159629 27.177303422459318 36.865251850195705 17.030155150722749 66.09865717943012 1077.0074485035138
leaf_count=117586 13639 133783 65691 20004 44421 81228 15882 11493 1281 38503 54168 3120 22609 50423
internal_value=-6.99758e-11 0.00136647 -0.00693368 -0.00201532 -0.0125768 -0.0199188 -0.00116223 -0.00184131 -0.00123711 0.00350978 -0.0204732 -0.00887422 -0.00239569 -0.00299417
internal_weight=4324.39 3615.81 708.58 1402.77 369.601 184.972 1345.88 1304.82 1277.6 2213.04 56.889 98.6756 1168.05 1143.11
internal_count=673831 361785 312046 189499 194460 150039 115327 101688 85806 172286 74172 68811 84525 73032
is_linear=0
shrinkage=0.05


Tree=149
num_leaves=15
num_cat=0
split_feature=19 9 5 7 9 8 5 8 2 8 11 0 10 11
split_gain=16.3928 13.7577 9.76659 6.75478 7.11455 6.94147 6.63206 11.388 7.99891 11.794 7.96682 6.37578 10.3915 9.52259
threshold=0.78758457303047191 0.82243952155113231 3.0584686994552617 1.5000000000000002 0.79265064001083385 5.1817679405212411 3.6530514955520634 3.7954261302948002 20.889029502868656 8.5302662849426287 0.0041067933198064574 0.0091326101683080214 0.0049383016303181657 0.010471491608768703
decision_type=2 2 2 2 2 2 2 2 2 2 2 2 2 2
left_child=1 2 3 -1 5 -5 -2 10 9 -9 -8 12 -3 -13
right_child=6 11 -4 4 -6 -7 7 8 -10 -11 -12 13 -14 -15
leaf_value=0.012507795440307915 0.0046427247752140379 -0.0021550411394515158 -0.034984969657774125 -0.04481857310263683 -0.0060260610929711179 -0.012900993171868573 0.020784765569972889 -0.036738547711596091 0.0042343612456505562 0.0086253478261383177 -0.0036987567196705229 -0.011128485095322558 0.016315136612072369 -0.00025921771993938589
leaf_weight=34.336206339328328 1637.3983271201926 171.13238181664838 30.570931522018554 19.162459122015662 402.653834288697 84.469030557147335 46.451815390275669 51.633017385462608 30.230286068949681 16.970790485504494 90.452225567779806 232.30098662678984 130.76031683733845 1337.7126960219948
leaf_count=8099 24304 157428 37648 10264 156759 56966 7132 48162 14146 26164 5472 32409 41472 47406
internal_value=-8.07913e-11 -0.00269582 -0.00945197 -0.00770077 -0.00918022 -0.0205941 0.00351393 -0.00426011 -0.0167761 -0.0256931 0.0050482 -0.000614564 0.00598051 -0.00189767
internal_weight=4316.24 2443.1 571.192 540.622 506.285 103.631 1873.14 235.738 98.8341 68.6038 136.904 1871.91 301.893 1570.01
internal_count=673831 548451 269736 232088 223989 67230 125380 101076 88472 74326 12604 278715 198900 79815
is_linear=0
shrinkage=0.05


Tree=150
num_leaves=15
num_cat=0
split_feature=19 9 5 7 9 8 13 13 0 5 1 16 9 9
split_gain=16.1613 12.66 8.73862 6.54916 6.77069 6.45602 5.96816 14.1872 11.6719 10.8346 8.66317 8.37096 8.25483 8.34981
threshold=0.78758457303047191 0.82243952155113231 3.0584686994552617 1.5000000000000002 0.79265064001083385 5.1817679405212411 0.97368422150611889 0.20714285969734195 0.0093898782506585139 2.5717338323593144 0.0050633235368877658 2.3888888359069829 0.84448933601379406 0.8276563584804536
decision_type=2 2 2 2 2 2 2 2 2 2 2 2 2 2
left_child=1 2 3 -1 5 -5 7 8 10 12 -3 -8 13 -10
right_child=-2 6 -4 4 -6 -7 11 -9 9 -11 -12 -13 -14 -15
leaf_value=0.012321297686798897 0.0034917674013230249 -0.014357710829672056 -0.033646750802460483 -0.043822095392934746 -0.0059150991042243792 -0.012757875925300267 -0.016082110347693992 -0.019356892823872436 0.0077906497596224415 -0.018073836737116423 0.01783184932720399 0.0033572392352257765 0.0035802132808905526 -0.014181820689159887
leaf_weight=34.487615527704634 1869.7077689269818 21.574723562455915 29.72916503250292 18.708127453598991 401.28000513752045 84.395633953013885 54.160115726485174 117.58865114428647 54.619209121432505 105.79378481568165 110.35633120691432 876.7770070915933 364.95875837543463 162.77925082126967
leaf_count=8099 125380 38512 37648 10264 156759 56966 6062 65950 4231 8143 60512 70760 11713 12832
internal_value=-1.25525e-10 -0.00268038 -0.00917818 -0.00753135 -0.00899641 -0.0201606 -0.000683939 -0.00349046 -0.00111191 -0.00374072 0.0122358 0.00214642 -0.0010052 -0.00861041
internal_weight=4306.92 2437.21 568.601 538.871 504.384 103.104 1868.61 937.671 820.082 688.151 131.931 930.937 582.357 217.398
internal_count=673831 548451 269736 232088 223989 67230 278715 201893 135943 36919 99024 76822 28776 17063
is_linear=0
shrinkage=0.05


Tree=151
num_leaves=15
num_cat=0
split_feature=13 13 9 5 13 3 1 0 12 1 5 5 15 19
split_gain=15.7436 56.8931 12.2108 11.892 11.3969 9.67745 9.39379 9.02613 8.94356 8.75588 8.53686 8.13685 10.5542 8.08378
threshold=0.97368422150611889 0.20714285969734195 0.86051976680755626 6.4502704143524179 0.5419580638408662 0.36136545240879064 0.0085473209619522112 0.0068260179832577714 0.15476191043853763 0.0057307060342282065 0.01530011370778084 1.651820242404938 4.1510088443756112 0.63029590249061596
decision_type=2 2 2 2 2 2 2 2 2 2 2 2 2 2
left_child=1 2 5 6 -3 -1 -4 8 9 -7 -9 12 -8 -2
right_child=13 4 3 -5 -6 7 11 10 -10 -11 -12 -13 -14 -15
leaf_value=-0.0099352169614592076 2.0325450129065e-07 -0.037792334654291 0.034195556090022304 -0.019665830453155855 -0.015324294482560447 -0.024379785429106907 0.0049010709518364599 0.019525694591152824 0.029880717168476359 0.020939471206500491 -0.0030244645817526341 9.69572258280999e-05 0.024622676039874138 0.0062421904178519613
leaf_weight=359.60629855728598 1032.1777975474135 103.36778166067438 24.737737199599906 41.079732044584716 143.53140368061236 17.882336611182609 222.3060985732518 39.3919874867006 41.774418342825811 15.050258140786125 775.30141161577194 352.45068896648172 94.89452534918928 1037.638902135707
leaf_count=161789 97680 100310 11001 34062 85547 25932 2980 955 23708 9466 48168 9118 970 62145
internal_value=1.66029e-10 -0.00291032 -6.88373e-05 0.00502259 -0.0252943 -0.00307496 0.0066133 -0.000261159 0.0158032 -0.00363868 -0.00182167 0.0053485 0.0110916 0.00313693
internal_weight=4301.19 2231.37 1984.48 735.469 246.899 1249.01 694.389 889.4 74.707 32.9326 814.693 669.651 317.201 2069.82
internal_count=673831 514006 328149 58131 185857 270018 24069 108229 59106 35398 49123 13068 3950 159825
is_linear=0
shrinkage=0.05


Tree=152
num_leaves=15
num_cat=0
split_feature=19 13 13 5 9 0 19 5 5 1 0 12 5 12
split_gain=14.9201 8.11252 45.2039 7.38545 6.79359 8.36075 6.12941 7.47544 5.75172 8.16718 10.513 8.50566 11.5085 7.85989
threshold=0.3186671137809754 0.97368422150611889 0.20714285969734195 2.5495525598526005 0.88953837752342235 0.014389234129339458 0.11854229122400285 4.4347877502441415 6.8663139343261728 0.0080000641755759733 0.0045146958436816939 0.18333333730697635 5.5277178287506112 0.73214286565780651
decision_type=2 2 2 2 2 2 2 2 2 2 2 2 2 2
left_child=3 2 8 -1 5 6 -5 -8 9 10 -2 -12 -13 -11
right_child=1 -3 -4 4 -6 -7 7 -9 -10 13 11 12 -14 -15
leaf_value=-0.0038306674233349299 -0.016982096521813615 0.0041159111830915878 -0.025830103185520831 -0.031394495390836184 0.021665096454230117 -0.046158345003250077 0.0060944590641209481 -0.033499424350235896 -0.014548638522760067 -3.9352342457120298e-05 0.00092938867038350073 0.049248999494315021 -0.011611550030891708 0.010582189589236556
leaf_weight=857.378419722437 14.362571165383995 1621.9931032121451 158.39969630325345 23.070503418599515 6.3565982758273085 20.528330245755569 49.431070809812354 10.302253727399714 46.974292160726236 1221.3785596961607 23.354297991135354 34.101892749200488 7.6126894685762627 198.13504162853133
leaf_count=281157 14685 108522 55227 32721 1153 1107 22668 21441 49458 46098 19256 7557 9576 3205
internal_value=5.67442e-11 0.00159035 -0.000818234 -0.00545018 -0.0173901 -0.0206817 -0.0120968 -0.00279437 0.00181957 0.00237919 0.0174912 0.0257693 0.0380882 0.00147514
internal_weight=4293.38 3326.31 1704.32 967.067 109.689 103.332 82.8038 59.7333 1545.92 1498.95 79.4315 65.0689 41.7146 1419.51
internal_count=673831 313584 205062 360247 79090 77937 76830 44109 149835 100377 51074 36389 17133 49303
is_linear=0
shrinkage=0.05


Tree=153
num_leaves=15
num_cat=0
split_feature=19 5 5 9 1 9 2 12 9 16 10 2 0 9
split_gain=14.5638 7.64954 7.33966 9.12926 8.98103 14.2924 9.39292 12.207 10.1969 8.78093 8.39302 9.48521 8.59378 8.15103
threshold=0.3186671137809754 2.5495525598526005 2.9309395551681523 0.82179713249206554 0.0061920098960399636 0.83372554183006298 18.35639572143555 0.73214286565780651 0.89901825785636913 4.5560796260833749 0.013423423748463394 27.488451004028324 0.0076046728063374766 0.8316570818424226
decision_type=2 2 2 2 2 2 2 2 2 2 2 2 2 2
left_child=1 -1 4 -4 5 -2 7 9 -9 -6 12 13 -5 -12
right_child=2 -3 3 10 6 -7 -8 8 -10 -11 11 -13 -14 -15
leaf_value=-0.0037362920735534346 -0.0095522332945063362 -0.017517800549189704 -0.023354347357849123 -0.0073219583390383251 -0.0091524139552713758 0.038836603100460422 0.0082600311878576506 0.014798657989424611 -0.015841179311300871 0.00072548916147139491 0.01670236185305737 0.023870159400526218 0.0077473806505669656 -0.02655226750298581
leaf_weight=856.05974796078658 21.69326126324313 109.99818095245996 48.9026417727423 154.25835622016939 253.29649489642179 35.942779695682475 507.45532116044706 217.39575785151101 26.781353530852357 1740.3704056453471 9.2591543521339172 9.5487460373988124 228.42871380539646 70.141784709127023
leaf_count=281157 18593 79090 34014 131809 11921 9248 5184 2329 196 72438 268 83 25783 1718
internal_value=-1.24591e-10 -0.00538761 0.0015718 -0.00385552 0.00258479 0.0213152 0.00215352 0.00075347 0.0111876 -0.000549261 -0.00160996 -0.0150053 0.00165695 -0.0208176
internal_weight=4289.53 966.058 3323.47 520.539 2802.94 57.636 2745.3 2237.84 244.177 1993.67 471.637 88.9497 382.687 79.4009
internal_count=673831 360247 313584 193675 119909 27841 92068 86884 2525 84359 159661 2069 157592 1986
is_linear=0
shrinkage=0.05


Tree=154
num_leaves=15
num_cat=0
split_feature=9 2 8 2 5 15 9 16 10 5 12 18 1 8
split_gain=14.4568 12.3679 8.55701 8.34409 9.43179 8.70936 7.24165 7.19877 7.11676 6.4384 6.35095 7.58356 9.04665 8.94044
threshold=0.83550330996513378 3.4122307300567631 8.0179600715637225 19.057112693786625 0.88418039679527294 3.9981586933135991 0.81077250838279735 4.9070031642913827 0.015749008394777778 1.581049978733063 0.26785714924335485 0.86440506577491771 0.010752843692898752 9.8338117599487322
decision_type=2 2 2 2 2 2 2 2 2 2 2 2 2 2
left_child=1 2 -1 4 7 8 9 -3 -5 -6 11 12 -2 -14
right_child=10 3 -4 5 6 -7 -8 -9 -10 -11 -12 -13 13 -15
leaf_value=-0.007690164897012461 0.009056353002607662 -0.0074511094596686062 -0.026795344828983728 -0.00012875924902649991 -0.0009269275290453747 -0.010995047980956418 -0.0026936092236132872 0.01010551544484046 0.039053790514649231 -0.019885374027222409 0.0034767098362246023 0.0064430968757527782 -0.0037496973570448839 -0.020502753327406361
leaf_weight=204.88042328953725 107.62385469541437 79.280816519992641 81.100173182797334 17.504521686627868 66.07083800782334 20.069275791172004 478.70365745409708 189.11727995549563 29.101759636279894 137.38200715106291 2046.8653565553061 223.98868899882655 513.77569606494217 90.088682257071923
leaf_count=114091 83451 11707 76281 3746 17945 1977 81014 22421 128 62208 164846 5507 22722 5787
internal_value=-2.33391e-10 -0.00438329 -0.0134755 -0.00177374 -0.00299976 0.0146949 -0.0061123 0.00487812 0.0257508 -0.0138986 0.00191952 -0.00148805 -0.00401245 -0.00639688
internal_weight=4285.55 1303.21 285.981 1017.23 950.555 66.6756 682.157 268.398 46.6063 203.453 2982.34 935.477 711.488 603.864
internal_count=673831 391518 190372 201146 195295 5851 161167 34128 3874 80153 282313 117467 111960 28509
is_linear=0
shrinkage=0.05


Tree=155
num_leaves=15
num_cat=0
split_feature=9 2 13 13 1 1 0 1 5 2 5 15 11 2
split_gain=14.0026 9.93088 7.37304 35.3998 11.3863 21.4536 11.1608 11.5835 9.11776 8.56304 7.23434 12.2125 16.5692 8.83853
threshold=0.82636123895645153 20.889029502868656 0.97368422150611889 0.20714285969734195 0.0086957341991364973 0.0050378153100609788 0.015504807699471714 0.022496501915156845 5.6855499744415292 7.3476831912994394 2.4836850166320805 2.8617925643920903 0.0038684863829985265 13.522214889526369
decision_type=2 2 2 2 2 2 2 2 2 2 2 2 2 2
left_child=1 -1 3 4 5 -2 7 -5 -7 -6 -11 -12 -13 -14
right_child=2 -3 -4 6 9 8 -8 -9 -10 10 11 12 13 -15
leaf_value=-0.0064533598632607525 -0.017725671320008192 0.023787064361441571 0.003800651876589089 -0.024886376291651347 -0.0075047907526863125 0.038172825168505863 -0.038481351771661058 0.0075102650972416005 -0.00024727529590804333 0.0048262950607245404 0.0068650614315582965 0.021197822588261445 -0.035623769471535213 -0.010022663450916298
leaf_weight=872.25454984956377 29.740786604169671 23.193793105256191 1692.5811057710825 60.828532954842103 275.74966530253369 61.950864817886213 62.084613312083093 44.320088439359097 19.98858160380064 799.48717762951946 146.86900967126894 27.553736461615699 46.252518408967262 117.55096976979075
leaf_count=316813 48026 2171 118428 62586 27302 27477 1488 2415 31844 15374 8525 2159 4025 5198
internal_value=-2.3409e-10 -0.00554234 0.00147217 -0.000860931 0.00156064 0.0165728 -0.0223495 -0.0115101 0.0293253 0.000320268 0.00224138 -0.00385005 -0.0120394 -0.0180926
internal_weight=4280.41 895.448 3384.96 1692.38 1525.14 111.68 167.233 105.149 81.9394 1413.46 1137.71 338.226 191.357 163.803
internal_count=673831 318984 354847 236419 169930 107347 66489 65001 59321 62583 35281 19907 11382 9223
is_linear=0
shrinkage=0.05


Tree=156
num_leaves=15
num_cat=0
split_feature=9 5 2 12 13 15 8 10 9 2 2 15 16 15
split_gain=13.4181 8.97259 11.8214 9.02128 7.66894 9.76763 7.93226 9.06852 7.49796 7.43948 7.90673 8.61894 12.0479 10.0775
threshold=0.82601499557495128 3.0584686994552617 20.889029502868656 0.43650794029235845 0.89736840128898632 3.113268375396729 7.8697826862335214 0.0080322581343352812 0.8761747181415559 12.098939418792726 24.834657669067386 3.8815106153488164 4.9805400371551523 3.5972183942794804
decision_type=2 2 2 2 2 2 2 2 2 2 2 2 2 2
left_child=1 2 4 -3 5 -1 -6 -8 -2 -10 11 13 -13 -11
right_child=8 3 -4 -5 6 -7 7 -9 9 10 -12 12 -14 -15
leaf_value=-0.0025802436125326352 5.284619120980869e-05 -0.031596982508504505 0.030600559012189128 0.012835653534827234 0.0086030123128871122 -0.017201163438378419 -0.023338980439311971 0.00086063360765940573 0.012595789821342476 -0.0018206082393653724 0.015659817854170931 -0.0014352396552602543 0.024685916441855207 -0.030608424939684506
leaf_weight=255.8259767505034 2537.5034204106169 50.739980495973214 19.042675755645178 11.414266958136748 160.68742038454002 204.51113823936169 50.643816677333234 126.13557191377186 251.18636735824066 312.71297569744638 90.306799544277965 112.58883742003354 67.077085188452202 28.774111923930377
leaf_count=118730 291921 51524 248 5468 10807 111377 12866 5190 24090 23771 4020 7734 3611 2474
internal_value=-3.21906e-10 -0.00548872 -0.00401719 -0.023089 -0.00502891 -0.00919082 0.000699632 -0.00652335 0.00142491 0.00543733 0.00241833 -3.19772e-06 0.00872127 -0.004653
internal_weight=4279.15 879.001 816.847 62.1542 797.804 460.337 337.467 176.779 3400.15 862.646 611.46 521.153 179.666 341.487
internal_count=673831 316210 259218 56992 258970 230107 28863 18056 357621 65700 41610 37590 11345 26245
is_linear=0
shrinkage=0.05


Tree=157
num_leaves=15
num_cat=0
split_feature=19 9 5 8 8 1 2 0 11 16 5 16 10 16
split_gain=13.6183 8.89894 6.93959 14.4701 10.0471 8.79737 6.63185 6.80488 6.58671 6.55158 6.53963 6.41133 5.86484 5.70035
threshold=0.6492956578731538 0.82276993989944469 4.5554723739624032 1.0000000180025095e-35 7.8783202171325692 0.0080655650235712546 7.1721274852752694 0.011050061322748663 0.007272823480889202 4.9246070384979257 1.0000000180025095e-35 4.9636731147766122 0.0044346116483211526 4.6670219898223886
decision_type=2 2 2 2 2 2 2 2 2 2 2 2 2 2
left_child=1 10 5 12 -5 11 7 -7 13 -9 -1 -2 -4 -6
right_child=2 -3 3 4 8 6 -8 9 -10 -11 -12 -13 -14 -15
leaf_value=0.021041850626653601 -0.00078276131838314351 -0.00095473509650399009 -0.010801624480187434 -0.033841791757660354 0.017070784873952652 -0.040950649099974153 0.0038827470833692362 0.012146388195795004 0.020620230068676131 -0.014951156545130975 -0.0093981593287547887 0.032002321694226461 0.013910817226712195 -0.027012779756924385
leaf_weight=13.678502108205633 21.628766924663068 1680.4940454978962 29.966269674507316 50.260680960787226 6.374228419756494 9.7336801367709977 1719.6185255481205 33.718874624493765 15.828009714557082 48.123870572184387 507.85648661245216 41.399842082231771 75.316701628722512 20.544237983005132
leaf_count=4556 3777 261381 6578 45796 8973 1329 23473 561 3315 964 260747 4377 3935 44069
internal_value=-2.12368e-10 -0.00273493 0.00290543 -0.00588773 -0.0197587 0.00384893 0.00317639 -0.00960196 -0.00139017 -0.00373052 -0.00840756 0.0215212 0.00670619 -0.015535
internal_weight=4274.54 2202.03 2072.51 198.29 93.0072 1874.22 1811.19 91.5764 42.7465 81.8427 521.535 63.0286 105.283 26.9185
internal_count=673831 526684 147147 112666 102153 34481 26327 2854 56357 1525 265303 8154 10513 53042
is_linear=0
shrinkage=0.05


Tree=158
num_leaves=15
num_cat=0
split_feature=13 13 19 13 9 15 2 10 11 5 2 5 8 0
split_gain=13.2526 49.0005 11.5058 11.242 7.64043 7.01236 7.60007 8.9689 7.43253 6.89234 6.87608 6.69439 9.81878 7.99801
threshold=0.97368422150611889 0.20714285969734195 0.82688823342323314 0.5419580638408662 0.89365497231483471 4.1510088443756112 15.616154670715334 0.015504807699471714 0.014599318150430919 1.9296561479568484 24.834657669067386 5.6855499744415292 1.0000000180025095e-35 0.0091326101683080214
decision_type=2 2 2 2 2 2 2 2 2 2 2 2 2 2
left_child=1 2 4 10 11 -4 7 -7 -9 -8 -3 13 -13 -1
right_child=-2 3 5 -5 -6 6 9 8 -10 -11 -12 12 -14 -15
leaf_value=0.0066354625012202866 0.0028817644233557239 -0.039185261930188023 0.0017137640127270082 -0.013935435957244486 0.024462807492279588 0.029456459145413495 0.015527315885400498 -0.02911474100248676 0.01722663873643393 -0.0088123700000259705 0.014876040410133573 0.0027395846079757871 -0.043655394885238306 -0.0046579776278445253
leaf_weight=181.97232645781219 2059.3953583613502 94.988646032859151 537.80466864013533 140.75534405655685 19.793284580552609 79.567570822926427 50.076781476127508 10.581157622335015 14.606913039606296 56.91165465892027 3.763210377658651 20.089936960818704 19.791120159194861 978.01742151800408
leaf_count=154443 159825 100039 35916 85547 2049 5665 314 93 104 5230 271 9177 46721 68437
internal_value=3.87783e-10 -0.00268738 -6.59583e-05 -0.0237984 -0.00305818 0.00479098 0.0123869 0.0216406 -0.00383861 0.00276463 -0.0365075 -0.0036118 -0.0225826 -0.00286545
internal_weight=4268.12 2208.72 1969.21 239.507 1219.66 749.549 211.744 104.756 25.1881 106.988 98.7519 1199.87 39.8811 1159.99
internal_count=673831 514006 328149 185857 280827 47322 11406 5862 197 5544 100310 278778 55898 222880
is_linear=0
shrinkage=0.05


Tree=159
num_leaves=15
num_cat=0
split_feature=2 5 8 8 11 0 1 8 1 13 13 5 15 2
split_gain=12.9988 9.74961 21.0122 10.2104 9.0602 8.62539 12.8898 12.8664 10.6755 7.65996 11.7252 8.95445 7.43519 7.17367
threshold=5.8261864185333261 4.1796958446502694 1.0000000180025095e-35 7.8783202171325692 0.0079682543873786944 0.0058651531580835589 0.0050378153100609788 2.2499048709869389 0.0099011068232357519 0.62828946113586437 0.17424242943525317 0.79144513607025158 3.5408543348312382 16.985124588012699
decision_type=2 2 2 2 2 2 2 2 2 2 2 2 2 2
left_child=9 5 -3 -4 12 6 -2 -8 -9 10 -1 -11 -5 -7
right_child=1 2 3 4 -6 13 7 8 -10 11 -12 -13 -14 -15
leaf_value=-0.0072379986361864185 -0.0048933925240273769 0.0051328271072764043 -0.032511120061517053 0.00015230140085076258 0.031381149249905066 0.00030210550511342569 -0.018223031159543022 0.046246667239924655 -0.019774027453141732 0.0093913226452977516 -0.033539119704706077 -0.0062230670708701558 -0.039591492894261365 0.0059722358798049947
leaf_weight=374.61060778803358 41.72274130040114 155.37970603519159 78.858522090113752 33.307129396483333 9.170435878616443 2339.9630209875754 8.6158611549776634 46.227500696185871 4.1530111375432162 138.34909829584785 43.671433056751084 250.48059850153413 13.164761976201815 727.66638030502963
leaf_count=164299 22000 25500 73305 52840 1347 106071 4582 9630 919 18508 93381 57885 34619 8945
internal_value=-1.83828e-10 0.00133507 -0.00736496 -0.0214693 -0.00443009 0.00214141 0.0161877 0.030314 0.0395105 -0.00569337 -0.0103478 -0.000618631 -0.0138587 0.00165464
internal_weight=4265.34 3458.23 289.881 134.501 55.6423 3168.35 100.719 58.9964 50.3805 807.112 418.282 388.83 46.4719 3067.63
internal_count=673831 339758 187611 162111 88806 152147 37131 15131 10549 334073 257680 76393 87459 115016
is_linear=0
shrinkage=0.05


end of trees

feature_importances:
parameter_coverage=384
log_distance_km=368
fusion_score=281
cosine_idf_coverage=225
cosine=147
log_location_inventory=144
bm25_score=110
semantic_rr=94
reciprocal_rank=91
title_coverage=78
log_rating_reviews=72
idf_coverage=68
cosine_exact_location=67
lexical_rr=50
rating=31
query_terms=30

parameters:
[boosting: gbdt]
[objective: lambdarank]
[metric: ndcg]
[tree_learner: serial]
[device_type: cpu]
[data_sample_strategy: bagging]
[data: ]
[valid: ]
[num_iterations: 160]
[learning_rate: 0.05]
[num_leaves: 15]
[num_threads: 2]
[seed: 42]
[deterministic: 0]
[force_col_wise: 0]
[force_row_wise: 0]
[histogram_pool_size: -1]
[max_depth: -1]
[min_data_in_leaf: 50]
[min_sum_hessian_in_leaf: 0.001]
[bagging_fraction: 1]
[pos_bagging_fraction: 1]
[neg_bagging_fraction: 1]
[bagging_freq: 0]
[bagging_seed: 400]
[bagging_by_query: 0]
[feature_fraction: 1]
[feature_fraction_bynode: 1]
[feature_fraction_seed: 30056]
[extra_trees: 0]
[extra_seed: 12879]
[early_stopping_round: 0]
[early_stopping_min_delta: 0]
[first_metric_only: 0]
[max_delta_step: 0]
[lambda_l1: 0]
[lambda_l2: 5]
[linear_lambda: 0]
[min_gain_to_split: 0]
[drop_rate: 0.1]
[max_drop: 50]
[skip_drop: 0.5]
[xgboost_dart_mode: 0]
[uniform_drop: 0]
[drop_seed: 17869]
[top_rate: 0.2]
[other_rate: 0.1]
[min_data_per_group: 100]
[max_cat_threshold: 32]
[cat_l2: 10]
[cat_smooth: 10]
[max_cat_to_onehot: 4]
[top_k: 20]
[monotone_constraints: ]
[monotone_constraints_method: basic]
[monotone_penalty: 0]
[feature_contri: ]
[forcedsplits_filename: ]
[refit_decay_rate: 0.9]
[cegb_tradeoff: 1]
[cegb_penalty_split: 0]
[cegb_penalty_feature_lazy: ]
[cegb_penalty_feature_coupled: ]
[path_smooth: 0]
[interaction_constraints: ]
[verbosity: -1]
[saved_feature_importance_type: 0]
[use_quantized_grad: 0]
[num_grad_quant_bins: 4]
[quant_train_renew_leaf: 0]
[stochastic_rounding: 1]
[linear_tree: 0]
[max_bin: 255]
[max_bin_by_feature: ]
[min_data_in_bin: 3]
[bin_construct_sample_cnt: 200000]
[data_random_seed: 175]
[is_enable_sparse: 1]
[enable_bundle: 1]
[use_missing: 1]
[zero_as_missing: 0]
[feature_pre_filter: 1]
[pre_partition: 0]
[two_round: 0]
[header: 0]
[label_column: ]
[weight_column: ]
[group_column: ]
[ignore_column: ]
[categorical_feature: ]
[forcedbins_filename: ]
[precise_float_parser: 0]
[parser_config_file: ]
[objective_seed: 16083]
[num_class: 1]
[is_unbalance: 0]
[scale_pos_weight: 1]
[sigmoid: 1]
[boost_from_average: 1]
[reg_sqrt: 0]
[alpha: 0.9]
[fair_c: 1]
[poisson_max_delta_step: 0.7]
[tweedie_variance_power: 1.5]
[lambdarank_truncation_level: 53]
[lambdarank_norm: 1]
[label_gain: 0,1]
[lambdarank_position_bias_regularization: 0]
[eval_at: 1,2,3,4,5]
[multi_error_top_k: 1]
[auc_mu_weights: ]
[num_machines: 1]
[local_listen_port: 12400]
[time_out: 120]
[machine_list_filename: ]
[machines: ]
[gpu_platform_id: -1]
[gpu_device_id: -1]
[gpu_device_id_list: ]
[gpu_use_dp: 0]
[num_gpu: 1]

end of parameters

pandas_categorical:null
